1861632994,MUJJAHID ABBAS
1639283914,FADI F ABBASS
1023053980,HASSAN A ABBASS
1730130089,JULIA M ABBASS
1720318355,HESHAM A ABBOUD
1477845311,SALIM-TAMUZ E ABBOUD
1760797344,MOHAMED ALI ABDALLA
1194012146,DIMYANA A ABDELMALEK
1215961602,FADI W ABDUL-KARIM
1285804526,ROBERT ABOUASSALY
1710188545,SOOZAN S ABOUHASSAN
1689888588,SUSAN R ABOUHASSAN
1326368994,SEAN M ABRAHAM
1750325635,MICHAEL S ABRAMS
1750590790,ROLLA F ABU-ARJA
1467441030,JALAL M ABU-SHAWEESH
1275629735,BABU R ACHANTI
1134152309,LOUISE S ACHESON
1427070887,PETER M ADAMEK
1679565998,SHERRYL L ADAMIC
1043310121,JULIE P ADAMS
1407819535,JOHN H ADAMSKI
1598882128,FRANCOISE ADAN
1669544169,ABIDEMI A ADEGBOLA
1033587910,KAMRAN ADIBI
1265427884,AKINYI A ADIJA
1043238751,ANJALI P ADUR
1497775159,MARK I AEDER
1841216322,DAVID P AGLE
1780617746,ALON S AHARON
1114160918,BASEER U AHMAD
1528220985,BONNIE S AHN
1356369482,NICHOLAS U AHN
1639175565,RAJENDER K AHUJA
1497850622,SAMIR S AHUJA
1306820717,SANJAY P AHUJA
1215998109,SCHICKRI S AINA
1275726515,FOLASHADE O AJEGBA
1396749370,KHALID AKBAR
1366611345,NILA J AKHTAR
1972570646,ATIYE N AKTAY
1437100948,RECAI AKTAY
1053311779,YASSER AL-KHATIB
1750358941,NADIM N AL-MUBARAK
1033429386,MOHAMMED S AL-NATOUR
1346445442,MOHAMAD A ALAITI
1013297225,MOHAMED ALALWANI
1891908992,JAFER ALI
1093034225,KATHERINE E ALI
1770775157,MEER A ALI
1962668574,MOHAMMED A ALI
1326259433,VEERAJALANDHAR ALLAREDDY
1346282332,ELIZABETH M ALLEN
1053318121,HUGH D ALLEN
1760821748,BAYAN ALSULEIMAN
1609132125,ROULA ALTISHEH
1891909222,MICHAEL D ALTOSE
1558597047,AMR ALYAFI
1053524488,SHAHRAM S AMINA
1902926751,JOHN B AMMORI
1538345202,PERRY O ANARADO
1992994925,INGRID M ANDERSON
1447279005,JAMES M ANDERSON
1922026079,JAMES R ANDERSON
1689126328,JOHN M ANDERSON
1497746432,MICHAEL R ANDERSON
1821196825,DAVID A ANDREWS
1013175835,KEVIN A ANDRYC
1427011493,ASHISH ANEJA
1083857288,KIANOUSH S ANSARIGILANI
1588683965,DONALD D ANTHONY
1437230505,LUIS R APONTE
1518288901,MARGARET APOSTOL
1629334669,VLAD APOSTOL
1558417030,BRIAN S APPLEBY
1396766689,GREGORY K APPLEGATE
1578588497,BAHA M ARAFAH
1801979612,FAISAL D ARAIN
1740509231,JOSHUA ARBESMAN
1437415494,GABRIEL A AREVALO
1598877748,LUIS M ARGOTE-GREENE
1295952851,VASSILI V ARKADIEV
1538184452,KEITH B ARMITAGE
1326054560,AIMEE K ARMSTRONG
1568606523,AMY J ARMSTRONG
1467486712,DOUGLAS G ARMSTRONG
1275594129,GREGORY J ARMSTRONG
1972523009,JOYCE C ARPILLEDA
1043323066,MARIA J ARRUDA
1326151366,MAURICIO S ARRUDA
1730104092,KAREN L ASHBY
1134414204,DANIEL I ASHER
1790726420,MOHAMMAD ASHFAQ
1871735365,SYLVIA ASHOUR
1689699514,ALI D ASKARI
1457562431,JOE E ASSAAD
1730163163,GREGORY B ATKINS
1245444983,DILEEP K ATLURI
1144621889,GUILHERME F ATTIZZANI
1831198167,STEVEN S AUBEL
1053330456,JOSHUA J AUGUSTINE
1649298365,JEFFERY J AULETTA
1033499116,RICCARDO AUTORINO
1639157241,EDWIN G AVERY
1831519149,STEFANIE AVRIL
1154316750,DAHLIA AWAIS
1962687871,KATHERINE E AYERS
1558551507,SABARISH R AYYAPPAN
1164428777,NABIL N AZAR
1104867357,NAMI R AZAR
1417967118,HAITHAM M AZEM
1538268214,MERVAT Z AZIZ
1568677011,JILL G AZOK
1346269230,JOSEPH V BAAR
1578752457,MAYUKH BABU
1760414593,ANN M BACEVICE
1669608998,CHAITRA A BADVE
1215955687,HENRY R BAELE
1275566184,BARBARA A BAETZ-GREENWALT
1093927444,CHRISTINA M BAGBY
1952519043,JENNIFER D BAHNER
1366444283,SUSAN K BAILEY
1568612315,RAMAN DAVID BAISHNAB
1811102205,DAVID L BAJOR
1710365143,JAMES M BAKER
1982626446,JILL E BALEY
1508851106,NICHOLAS C BAMBAKIDIS
1932146800,BARBARA A BANGERT
1891800082,WADE L BANKER
1013087535,KEVIN L BANKS
1689863425,MANISH BANSAL
1578553095,DAVID S BARDENSTEIN
1417161076,RICHARD L BARGER
1871565762,EDWARD M BARKSDALE
1285991372,DANNY BARLEV
1275568495,ELMA D BARON
1548358674,JOHN C BARON
1033657028,NICHOLAS R BARON
1407946460,PAUL M BARR
1619146065,JERA A BARRETT
1588142467,JOSHUA P BARRETT
1790103737,TERRY L BARRETT
1861751893,ZACHARY B BARSMAN
1568806925,MATTHEW B BARTLEY
1194717934,FREDRICK J BARTON
1417048109,TRACY M BARTONE
1134532583,JOSHUA J BARZILAI
1760633382,LEAH N BASCH
1568496156,JONATHAN Z BASKIN
1376809194,KYLE D BASQUES
1821019555,NANCY E BASS
1801065271,CHANDRA S BATCHU
1316947492,JAMES H BATES
1962846543,COURTNEY E BATT
1184061491,ALISON M BAUER
1912125428,CORINNE A BAZELLA
1770877672,ADAM T BEATTIE
1851618854,CHRISTOPHER P BECHTEL
1821259490,ERIC H BECK
1750315149,ROSE C BECK
1831254127,DEVRA B BECKER
1326183369,ZINA BECKER
1710197181,JIRAIR K BEDOYAN
1285706556,GREGORY E BEE
1710365804,LAUREN C BEENE
1376558767,TAMAR Y BEJANISHVILI
1841223146,JULIE K BELKIN
1952383390,MARIA R BELTRAN
1265614747,ERIN E BENDER
1295736874,ROBIN C BENIS
1861495236,ANGELA M BENNETT
1528385432,COLE A BENNETT
1245618263,ANNA C BENSON
1588979942,REGAN J BERG
1033138938,BRUCE E BERGER
1275554776,MELVIN N BERGER
1760401665,NATHAN A BERGER
1912159674,ERICA K BERGGREN
1811908965,MARK D BERGMAN
1740208487,MAURA C BERKELHAMER
1831136753,SHEILA A BERLIN
1043232523,BRIAN W BERMAN
1548206097,HELENE B BERNSTEIN
1235109083,ERIC M BERSHAD
1154559300,GEORGE A BERTALAN
1881989838,BRADLEY M BESSON
1861780017,MARA G BEVERIDGE
1528389442,HIRAM G BEZERRA
1417094780,SHYAM BHAKTA
1720237696,SMITA BHASKARAN
1104089242,NIKHIL K BHATNAGAR
1790953297,AASHISH D BHATT
1982861472,SAURIN P BHATT
1194968560,HILONI M BHAVSAR
1467434183,MONIKA M BHOLA
1245494848,MEGAN R BILLOW
1457408320,MATTHEW L BILODEAU
1922115682,TITHI BISWAS
1033102124,BRADLEY A BLACKBURN
1487695219,KRISTINE A BLACKHAM
