1457379497,Olubunmi K Abayomi,VCU HEALTH SYSTEM DBA MEDICAL COLLEGE OF VIRGINIA
1184849168,Antonio Abbate,VCU HEALTH SYSTEM DBA MEDICAL COLLEGE OF VIRGINIA
1366528028,Linda J Abbey,VCU HEALTH SYSTEM DBA MEDICAL COLLEGE OF VIRGINIA
1386670354,Adel Z Abdallah,VCU HEALTH SYSTEM DBA MEDICAL COLLEGE OF VIRGINIA
1720206212,Raushan K Abdula,VCU HEALTH SYSTEM DBA MEDICAL COLLEGE OF VIRGINIA
1225013543,Brian M Aboff,VCU HEALTH SYSTEM DBA MEDICAL COLLEGE OF VIRGINIA
1518040682,Michel B Aboutanos,VCU HEALTH SYSTEM DBA MEDICAL COLLEGE OF VIRGINIA
1164742359,Nayef A Abouzaki,VCU HEALTH SYSTEM DBA MEDICAL COLLEGE OF VIRGINIA
1265536643,Pasquale J Accardo,VCU HEALTH SYSTEM DBA MEDICAL COLLEGE OF VIRGINIA
1386709459,Jennifer A Accardo,VCU HEALTH SYSTEM DBA MEDICAL COLLEGE OF VIRGINIA
1336428580,Peter K Acheampong,VCU HEALTH SYSTEM DBA MEDICAL COLLEGE OF VIRGINIA
1174815328,Christopher Brian Achilli,VCU HEALTH SYSTEM DBA MEDICAL COLLEGE OF VIRGINIA
1104144948,Kimberley P Ackerman,VCU HEALTH SYSTEM DBA MEDICAL COLLEGE OF VIRGINIA
1023194057,Ruma G Adams,VCU HEALTH SYSTEM DBA MEDICAL COLLEGE OF VIRGINIA
1730143330,Anthony C Adams,VCU HEALTH SYSTEM DBA MEDICAL COLLEGE OF VIRGINIA
1972751493,Todd Adams,VCU HEALTH SYSTEM DBA MEDICAL COLLEGE OF VIRGINIA
1356471114,Gauri Aggarwal,VCU HEALTH SYSTEM DBA MEDICAL COLLEGE OF VIRGINIA
1568479020,Aliasghar Aghdami,VCU HEALTH SYSTEM DBA MEDICAL COLLEGE OF VIRGINIA
1750571691,Latania M Akers-White,VCU HEALTH SYSTEM DBA MEDICAL COLLEGE OF VIRGINIA
1013089598,Maha Alattar,VCU HEALTH SYSTEM DBA MEDICAL COLLEGE OF VIRGINIA
1033292313,Francisco C Albuquerque,VCU HEALTH SYSTEM DBA MEDICAL COLLEGE OF VIRGINIA
1679779540,Erin R Alesi,VCU HEALTH SYSTEM DBA MEDICAL COLLEGE OF VIRGINIA
1104167493,Christopher J Alexander,VCU HEALTH SYSTEM DBA MEDICAL COLLEGE OF VIRGINIA
1700814548,Zubair B Ali,VCU HEALTH SYSTEM DBA MEDICAL COLLEGE OF VIRGINIA
1063700128,Jawad Thamerjawad Al-Khafaji,VCU HEALTH SYSTEM DBA MEDICAL COLLEGE OF VIRGINIA
1790796019,Kelley Z Allison,VCU HEALTH SYSTEM DBA MEDICAL COLLEGE OF VIRGINIA
1831403211,Hind M Alsaif,VCU HEALTH SYSTEM DBA MEDICAL COLLEGE OF VIRGINIA
1396186367,Ibrahim Alshahrouri,VCU HEALTH SYSTEM DBA MEDICAL COLLEGE OF VIRGINIA
1649430612,Neema M Amin,VCU HEALTH SYSTEM DBA MEDICAL COLLEGE OF VIRGINIA
1962646596,Nana O Amoah,VCU HEALTH SYSTEM DBA MEDICAL COLLEGE OF VIRGINIA
1144425034,Rahul J Anand,VCU HEALTH SYSTEM DBA MEDICAL COLLEGE OF VIRGINIA
1174818850,Tony I Anene-Maidoh,VCU HEALTH SYSTEM DBA MEDICAL COLLEGE OF VIRGINIA
1407143928,Daniella D Angulo-Thompson,VCU HEALTH SYSTEM DBA MEDICAL COLLEGE OF VIRGINIA
1366472102,Mitchell S Anscher,VCU HEALTH SYSTEM DBA MEDICAL COLLEGE OF VIRGINIA
1285921734,Farihah Anwar,VCU HEALTH SYSTEM DBA MEDICAL COLLEGE OF VIRGINIA
1801157359,Hadi B Anwar,VCU HEALTH SYSTEM DBA MEDICAL COLLEGE OF VIRGINIA
1326294356,Susanne H Appleton,VCU HEALTH SYSTEM DBA MEDICAL COLLEGE OF VIRGINIA
1740428515,Gretchen R Aquilina,VCU HEALTH SYSTEM DBA MEDICAL COLLEGE OF VIRGINIA
1972654929,Scott T Armistead,VCU HEALTH SYSTEM DBA MEDICAL COLLEGE OF VIRGINIA
1649299231,Douglas W Arthur,VCU HEALTH SYSTEM DBA MEDICAL COLLEGE OF VIRGINIA
1740288901,Phoebe A Ashley,VCU HEALTH SYSTEM DBA MEDICAL COLLEGE OF VIRGINIA
1952742298,Ankush Asija,VCU HEALTH SYSTEM DBA MEDICAL COLLEGE OF VIRGINIA
1699095091,Mark T Astoria,VCU HEALTH SYSTEM DBA MEDICAL COLLEGE OF VIRGINIA
1316359458,Susan E Atkins,VCU HEALTH SYSTEM DBA MEDICAL COLLEGE OF VIRGINIA
1972672590,Kristen A Atkins,VCU HEALTH SYSTEM DBA MEDICAL COLLEGE OF VIRGINIA
1326129404,Taruna K Aurora,VCU HEALTH SYSTEM DBA MEDICAL COLLEGE OF VIRGINIA
1801018809,Frances Austin,VCU HEALTH SYSTEM DBA MEDICAL COLLEGE OF VIRGINIA
1033499116,Riccardo Autorino,VCU HEALTH SYSTEM DBA MEDICAL COLLEGE OF VIRGINIA
1710171954,Madhavi Averneni,VCU HEALTH SYSTEM DBA MEDICAL COLLEGE OF VIRGINIA
1013124395,Veronica A Ayala-Sims,VCU HEALTH SYSTEM DBA MEDICAL COLLEGE OF VIRGINIA
1356556310,Gabor Bagameri,VCU HEALTH SYSTEM DBA MEDICAL COLLEGE OF VIRGINIA
1619134400,Aline A Baghdassarian,VCU HEALTH SYSTEM DBA MEDICAL COLLEGE OF VIRGINIA
1265423735,Charles E Bagwell,VCU HEALTH SYSTEM DBA MEDICAL COLLEGE OF VIRGINIA
1427214063,Mirza S Baig,VCU HEALTH SYSTEM DBA MEDICAL COLLEGE OF VIRGINIA
1366409682,Paul A Bailey,VCU HEALTH SYSTEM DBA MEDICAL COLLEGE OF VIRGINIA
1518257898,Christopher W Bailey,VCU HEALTH SYSTEM DBA MEDICAL COLLEGE OF VIRGINIA
1588746234,Jesse C Bain,VCU HEALTH SYSTEM DBA MEDICAL COLLEGE OF VIRGINIA
1467403881,Jasmohan S Bajaj,VCU HEALTH SYSTEM DBA MEDICAL COLLEGE OF VIRGINIA
1730279373,Sherman Baker,VCU HEALTH SYSTEM DBA MEDICAL COLLEGE OF VIRGINIA
1194996132,Farin K Bala,VCU HEALTH SYSTEM DBA MEDICAL COLLEGE OF VIRGINIA
1538253844,Colin A Banas,VCU HEALTH SYSTEM DBA MEDICAL COLLEGE OF VIRGINIA
1740438902,Nicole K Banks,VCU HEALTH SYSTEM DBA MEDICAL COLLEGE OF VIRGINIA
1346483195,Surbhi Bansal,VCU HEALTH SYSTEM DBA MEDICAL COLLEGE OF VIRGINIA
1194743708,Mark S Baron,VCU HEALTH SYSTEM DBA MEDICAL COLLEGE OF VIRGINIA
1710071022,John C Barrett,VCU HEALTH SYSTEM DBA MEDICAL COLLEGE OF VIRGINIA
1780765867,Samuel T Bartle,VCU HEALTH SYSTEM DBA MEDICAL COLLEGE OF VIRGINIA
1235173014,Judith A Barto,VCU HEALTH SYSTEM DBA MEDICAL COLLEGE OF VIRGINIA
1942304274,Ahmet Baykal,VCU HEALTH SYSTEM DBA MEDICAL COLLEGE OF VIRGINIA
1033361522,Ahmad Bayrlee,VCU HEALTH SYSTEM DBA MEDICAL COLLEGE OF VIRGINIA
1508950825,Harry D Bear,VCU HEALTH SYSTEM DBA MEDICAL COLLEGE OF VIRGINIA
1093805632,Gonzalo M Bearman,VCU HEALTH SYSTEM DBA MEDICAL COLLEGE OF VIRGINIA
1184800328,Pablo E Bedoya,VCU HEALTH SYSTEM DBA MEDICAL COLLEGE OF VIRGINIA
1124070594,Joseph W Beets,VCU HEALTH SYSTEM DBA MEDICAL COLLEGE OF VIRGINIA
1649298266,Jonathan W Bekenstein,VCU HEALTH SYSTEM DBA MEDICAL COLLEGE OF VIRGINIA
1356788293,Jamiee L Belsky,VCU HEALTH SYSTEM DBA MEDICAL COLLEGE OF VIRGINIA
1285651240,Therese M Benevich,VCU HEALTH SYSTEM DBA MEDICAL COLLEGE OF VIRGINIA
1619238201,Jonathan D Bennett,VCU HEALTH SYSTEM DBA MEDICAL COLLEGE OF VIRGINIA
1326081803,William H Benson,VCU HEALTH SYSTEM DBA MEDICAL COLLEGE OF VIRGINIA
1740677954,Zachary E Benson,VCU HEALTH SYSTEM DBA MEDICAL COLLEGE OF VIRGINIA
1326011958,Kambeez Berenji,VCU HEALTH SYSTEM DBA MEDICAL COLLEGE OF VIRGINIA
1982021895,Carl J Bergman,VCU HEALTH SYSTEM DBA MEDICAL COLLEGE OF VIRGINIA
1417164633,Hem L Bhardwaj,VCU HEALTH SYSTEM DBA MEDICAL COLLEGE OF VIRGINIA
1871828160,Chandra S Bhati,VCU HEALTH SYSTEM DBA MEDICAL COLLEGE OF VIRGINIA
1023301207,Darshna C Bhatt,VCU HEALTH SYSTEM DBA MEDICAL COLLEGE OF VIRGINIA
1770582199,Gurpal S Bhuller,VCU HEALTH SYSTEM DBA MEDICAL COLLEGE OF VIRGINIA
1467586826,Stephen J Bickston,VCU HEALTH SYSTEM DBA MEDICAL COLLEGE OF VIRGINIA
1326433251,Stephen T Biederman,VCU HEALTH SYSTEM DBA MEDICAL COLLEGE OF VIRGINIA
1639498686,Steven E Bishop,VCU HEALTH SYSTEM DBA MEDICAL COLLEGE OF VIRGINIA
1427091321,Diane M Biskobing,VCU HEALTH SYSTEM DBA MEDICAL COLLEGE OF VIRGINIA
1619032661,Donald J Bitto,VCU HEALTH SYSTEM DBA MEDICAL COLLEGE OF VIRGINIA
1518970797,Maurice L Blackburn,VCU HEALTH SYSTEM DBA MEDICAL COLLEGE OF VIRGINIA
1265403547,George V Blackwood,VCU HEALTH SYSTEM DBA MEDICAL COLLEGE OF VIRGINIA
1417982778,Wilmer K Blaylock,VCU HEALTH SYSTEM DBA MEDICAL COLLEGE OF VIRGINIA
1801854732,Michael F Bloss,VCU HEALTH SYSTEM DBA MEDICAL COLLEGE OF VIRGINIA
1659314599,Norman D Boardman,VCU HEALTH SYSTEM DBA MEDICAL COLLEGE OF VIRGINIA
1548354855,Arline D Bohannon,VCU HEALTH SYSTEM DBA MEDICAL COLLEGE OF VIRGINIA
1487701272,Jaime L Bohl,VCU HEALTH SYSTEM DBA MEDICAL COLLEGE OF VIRGINIA
1205132107,Sosipatros Boikos,VCU HEALTH SYSTEM DBA MEDICAL COLLEGE OF VIRGINIA
1417041328,Peter A Boling,VCU HEALTH SYSTEM DBA MEDICAL COLLEGE OF VIRGINIA
1629192836,Laura A Boomer,VCU HEALTH SYSTEM DBA MEDICAL COLLEGE OF VIRGINIA
1023018363,Shawn M Borich,VCU HEALTH SYSTEM DBA MEDICAL COLLEGE OF VIRGINIA
1720172034,Doumit S Bouhaidar,VCU HEALTH SYSTEM DBA MEDICAL COLLEGE OF VIRGINIA
1437319423,Katherine C Boyd,VCU HEALTH SYSTEM DBA MEDICAL COLLEGE OF VIRGINIA
1073526240,Timothy P Braatz,VCU HEALTH SYSTEM DBA MEDICAL COLLEGE OF VIRGINIA
1922270644,Michael J Bradley,VCU HEALTH SYSTEM DBA MEDICAL COLLEGE OF VIRGINIA
1619085552,Melissa K Bradner,VCU HEALTH SYSTEM DBA MEDICAL COLLEGE OF VIRGINIA
1568499440,Christopher J Bradshaw,VCU HEALTH SYSTEM DBA MEDICAL COLLEGE OF VIRGINIA
1053529180,Vikram S Brar,VCU HEALTH SYSTEM DBA MEDICAL COLLEGE OF VIRGINIA
1346447729,Vikrant S Brar,VCU HEALTH SYSTEM DBA MEDICAL COLLEGE OF VIRGINIA
1700967346,Lisa K Brath,VCU HEALTH SYSTEM DBA MEDICAL COLLEGE OF VIRGINIA
1043219314,Marvin D Brauer,VCU HEALTH SYSTEM DBA MEDICAL COLLEGE OF VIRGINIA
1588009351,Kathryn A Brennan,VCU HEALTH SYSTEM DBA MEDICAL COLLEGE OF VIRGINIA
1235574989,Kathryn M Breslin,VCU HEALTH SYSTEM DBA MEDICAL COLLEGE OF VIRGINIA
1235181702,George M Bright,VCU HEALTH SYSTEM DBA MEDICAL COLLEGE OF VIRGINIA
1033140694,William C Broaddus,VCU HEALTH SYSTEM DBA MEDICAL COLLEGE OF VIRGINIA
1396954699,Justin C Brockbank,VCU HEALTH SYSTEM DBA MEDICAL COLLEGE OF VIRGINIA
1396855938,Richard R Brookman,VCU HEALTH SYSTEM DBA MEDICAL COLLEGE OF VIRGINIA
1083812853,Michelle N Brooks,VCU HEALTH SYSTEM DBA MEDICAL COLLEGE OF VIRGINIA
1194706598,David H Brown,VCU HEALTH SYSTEM DBA MEDICAL COLLEGE OF VIRGINIA
1952362857,William F Brown,VCU HEALTH SYSTEM DBA MEDICAL COLLEGE OF VIRGINIA
1669632402,Ilia A Brusilovsky,VCU HEALTH SYSTEM DBA MEDICAL COLLEGE OF VIRGINIA
1588984652,Adam W Bullock,VCU HEALTH SYSTEM DBA MEDICAL COLLEGE OF VIRGINIA
1184699522,Timothy E Bunchman,VCU HEALTH SYSTEM DBA MEDICAL COLLEGE OF VIRGINIA
1982602470,David D Burdette,VCU HEALTH SYSTEM DBA MEDICAL COLLEGE OF VIRGINIA
1144456765,John William Burgner,VCU HEALTH SYSTEM DBA MEDICAL COLLEGE OF VIRGINIA
1356375695,Brian Burgoyne,VCU HEALTH SYSTEM DBA MEDICAL COLLEGE OF VIRGINIA
1174547087,Lisa A Burns,VCU HEALTH SYSTEM DBA MEDICAL COLLEGE OF VIRGINIA
1215996772,John F Butterworth,VCU HEALTH SYSTEM DBA MEDICAL COLLEGE OF VIRGINIA
1831329655,David C Buxton,VCU HEALTH SYSTEM DBA MEDICAL COLLEGE OF VIRGINIA
1225396427,Mary E Caldwell,VCU HEALTH SYSTEM DBA MEDICAL COLLEGE OF VIRGINIA
1811087455,Stephanie A Call,VCU HEALTH SYSTEM DBA MEDICAL COLLEGE OF VIRGINIA
1265787618,Shields W Callahan,VCU HEALTH SYSTEM DBA MEDICAL COLLEGE OF VIRGINIA
1235346354,Brian M Cameron,VCU HEALTH SYSTEM DBA MEDICAL COLLEGE OF VIRGINIA
1649487760,Cedric H Campbell,VCU HEALTH SYSTEM DBA MEDICAL COLLEGE OF VIRGINIA
1548357825,Kendall L Capecci,VCU HEALTH SYSTEM DBA MEDICAL COLLEGE OF VIRGINIA
1164423992,Gerald W Capps,VCU HEALTH SYSTEM DBA MEDICAL COLLEGE OF VIRGINIA
1811928336,Daniel E Carl,VCU HEALTH SYSTEM DBA MEDICAL COLLEGE OF VIRGINIA
1154539062,Ashley W Carroll,VCU HEALTH SYSTEM DBA MEDICAL COLLEGE OF VIRGINIA
1003941600,Renee Y Carter,VCU HEALTH SYSTEM DBA MEDICAL COLLEGE OF VIRGINIA
1154565562,William E Carter,VCU HEALTH SYSTEM DBA MEDICAL COLLEGE OF VIRGINIA
1174960025,Michael B Carter,VCU HEALTH SYSTEM DBA MEDICAL COLLEGE OF VIRGINIA
1679734818,Kerri Anne Carter,VCU HEALTH SYSTEM DBA MEDICAL COLLEGE OF VIRGINIA
1780859298,Jori S Carter,VCU HEALTH SYSTEM DBA MEDICAL COLLEGE OF VIRGINIA
1992809206,Laura R Carucci,VCU HEALTH SYSTEM DBA MEDICAL COLLEGE OF VIRGINIA
1578859310,Frances E Casey,VCU HEALTH SYSTEM DBA MEDICAL COLLEGE OF VIRGINIA
1437159316,Anthony D Cassano,VCU HEALTH SYSTEM DBA MEDICAL COLLEGE OF VIRGINIA
1922196435,Max T Caudill,VCU HEALTH SYSTEM DBA MEDICAL COLLEGE OF VIRGINIA
1427320761,Francesco Saverio Celi,VCU HEALTH SYSTEM DBA MEDICAL COLLEGE OF VIRGINIA
1053577924,Jon M Chan,VCU HEALTH SYSTEM DBA MEDICAL COLLEGE OF VIRGINIA
1497069702,Shruthi M Chandrashekhar,VCU HEALTH SYSTEM DBA MEDICAL COLLEGE OF VIRGINIA
1720063852,John K Chang,VCU HEALTH SYSTEM DBA MEDICAL COLLEGE OF VIRGINIA
1750302279,Michael G Chang,VCU HEALTH SYSTEM DBA MEDICAL COLLEGE OF VIRGINIA
1184801664,Alison K Chapman,VCU HEALTH SYSTEM DBA MEDICAL COLLEGE OF VIRGINIA
1871755371,Andrew W Chapman,VCU HEALTH SYSTEM DBA MEDICAL COLLEGE OF VIRGINIA
1144485244,Sherita N Chapmansmith,VCU HEALTH SYSTEM DBA MEDICAL COLLEGE OF VIRGINIA
1780110783,Martin C Charron,VCU HEALTH SYSTEM DBA MEDICAL COLLEGE OF VIRGINIA
1811976582,Nauman A Chaudary,VCU HEALTH SYSTEM DBA MEDICAL COLLEGE OF VIRGINIA
1225245228,Seth A Cheatham,VCU HEALTH SYSTEM DBA MEDICAL COLLEGE OF VIRGINIA
1922192590,David P Chelmow,VCU HEALTH SYSTEM DBA MEDICAL COLLEGE OF VIRGINIA
1245313311,Stephen M Chen,VCU HEALTH SYSTEM DBA MEDICAL COLLEGE OF VIRGINIA
1871720235,Zhijian Chen,VCU HEALTH SYSTEM DBA MEDICAL COLLEGE OF VIRGINIA
1467430082,Sam S Cheng,VCU HEALTH SYSTEM DBA MEDICAL COLLEGE OF VIRGINIA
1982153755,Alden E Chesney,VCU HEALTH SYSTEM DBA MEDICAL COLLEGE OF VIRGINIA
1689989204,Egya N Chinbuah,VCU HEALTH SYSTEM DBA MEDICAL COLLEGE OF VIRGINIA
1710207113,Christina Wen Ching,VCU HEALTH SYSTEM DBA MEDICAL COLLEGE OF VIRGINIA
1215219621,Joo Y Cho,VCU HEALTH SYSTEM DBA MEDICAL COLLEGE OF VIRGINIA
1649360280,Kathie H Cho,VCU HEALTH SYSTEM DBA MEDICAL COLLEGE OF VIRGINIA
1134428493,Benjamin D Chopski,VCU HEALTH SYSTEM DBA MEDICAL COLLEGE OF VIRGINIA
1861699308,Melissa H Chouinard,VCU HEALTH SYSTEM DBA MEDICAL COLLEGE OF VIRGINIA
1568755379,Woon N Chow,VCU HEALTH SYSTEM DBA MEDICAL COLLEGE OF VIRGINIA
1194262683,Natalie G Chrismer,VCU HEALTH SYSTEM DBA MEDICAL COLLEGE OF VIRGINIA
1841232246,Andrew C Chrzanowski,VCU HEALTH SYSTEM DBA MEDICAL COLLEGE OF VIRGINIA
1598846677,Francisco X Chuidian,VCU HEALTH SYSTEM DBA MEDICAL COLLEGE OF VIRGINIA
1912097551,Harold M Chung,VCU HEALTH SYSTEM DBA MEDICAL COLLEGE OF VIRGINIA
1093135196,Michael W Cieslinski,VCU HEALTH SYSTEM DBA MEDICAL COLLEGE OF VIRGINIA
1801831995,David X Cifu,VCU HEALTH SYSTEM DBA MEDICAL COLLEGE OF VIRGINIA
1073695045,Kelley D Clark,VCU HEALTH SYSTEM DBA MEDICAL COLLEGE OF VIRGINIA
1194742643,Bryan D Clark,VCU HEALTH SYSTEM DBA MEDICAL COLLEGE OF VIRGINIA
1659518926,David A Clark,VCU HEALTH SYSTEM DBA MEDICAL COLLEGE OF VIRGINIA
1831289479,Ralph R Clark,VCU HEALTH SYSTEM DBA MEDICAL COLLEGE OF VIRGINIA
1891903696,William B Clark,VCU HEALTH SYSTEM DBA MEDICAL COLLEGE OF VIRGINIA
1528028305,Beverley B Clary,VCU HEALTH SYSTEM DBA MEDICAL COLLEGE OF VIRGINIA
1023300381,Ryan D Clayton,VCU HEALTH SYSTEM DBA MEDICAL COLLEGE OF VIRGINIA
1598728933,Charles V Clevenger,VCU HEALTH SYSTEM DBA MEDICAL COLLEGE OF VIRGINIA
1003258518,Erica Storey Cline,VCU HEALTH SYSTEM DBA MEDICAL COLLEGE OF VIRGINIA
1174700652,Leslie J Cloud,VCU HEALTH SYSTEM DBA MEDICAL COLLEGE OF VIRGINIA
1083059638,Brian J Cocchiola,VCU HEALTH SYSTEM DBA MEDICAL COLLEGE OF VIRGINIA
1477714756,Daniel H Coelho,VCU HEALTH SYSTEM DBA MEDICAL COLLEGE OF VIRGINIA
1205949922,Brian K Cohen,VCU HEALTH SYSTEM DBA MEDICAL COLLEGE OF VIRGINIA
1245298678,Lawrence F Cohen,VCU HEALTH SYSTEM DBA MEDICAL COLLEGE OF VIRGINIA
1003024829,Aimee M Collins,VCU HEALTH SYSTEM DBA MEDICAL COLLEGE OF VIRGINIA
1588764369,John J Collins,VCU HEALTH SYSTEM DBA MEDICAL COLLEGE OF VIRGINIA
1659508026,Adam M Conley,VCU HEALTH SYSTEM DBA MEDICAL COLLEGE OF VIRGINIA
1144220435,Kevin P Connelly,VCU HEALTH SYSTEM DBA MEDICAL COLLEGE OF VIRGINIA
1528083920,Melissa J Contos,VCU HEALTH SYSTEM DBA MEDICAL COLLEGE OF VIRGINIA
1902244692,Jason A Cook,VCU HEALTH SYSTEM DBA MEDICAL COLLEGE OF VIRGINIA
1730127507,Richard H Cooke,VCU HEALTH SYSTEM DBA MEDICAL COLLEGE OF VIRGINIA
1780631010,Alice A Coombs,VCU HEALTH SYSTEM DBA MEDICAL COLLEGE OF VIRGINIA
1659481968,Catherine L Cooper,VCU HEALTH SYSTEM DBA MEDICAL COLLEGE OF VIRGINIA
1750344875,Hector W Cooper,VCU HEALTH SYSTEM DBA MEDICAL COLLEGE OF VIRGINIA
1871093948,Courtney A Corboy,VCU HEALTH SYSTEM DBA MEDICAL COLLEGE OF VIRGINIA
1902906852,Seth J Corey,VCU HEALTH SYSTEM DBA MEDICAL COLLEGE OF VIRGINIA
1669435558,Eric P Cote,VCU HEALTH SYSTEM DBA MEDICAL COLLEGE OF VIRGINIA
1083872907,Ilvy H Cotterell,VCU HEALTH SYSTEM DBA MEDICAL COLLEGE OF VIRGINIA
1609959774,Adrian H Cotterell,VCU HEALTH SYSTEM DBA MEDICAL COLLEGE OF VIRGINIA
1083822704,Natario L Couser,VCU HEALTH SYSTEM DBA MEDICAL COLLEGE OF VIRGINIA
1811217961,Deanna F Couser,VCU HEALTH SYSTEM DBA MEDICAL COLLEGE OF VIRGINIA
1801232046,Leah A Couture,VCU HEALTH SYSTEM DBA MEDICAL COLLEGE OF VIRGINIA
1932299575,Michael J Cowley,VCU HEALTH SYSTEM DBA MEDICAL COLLEGE OF VIRGINIA
1780851196,John L Coyner,VCU HEALTH SYSTEM DBA MEDICAL COLLEGE OF VIRGINIA
1083057194,Brittany L Craven,VCU HEALTH SYSTEM DBA MEDICAL COLLEGE OF VIRGINIA
1689019234,Angela B Creditt,VCU HEALTH SYSTEM DBA MEDICAL COLLEGE OF VIRGINIA
1184760779,Stephanie N Crewe,VCU HEALTH SYSTEM DBA MEDICAL COLLEGE OF VIRGINIA
1417987736,Joseph A Crisalli,VCU HEALTH SYSTEM DBA MEDICAL COLLEGE OF VIRGINIA
1154316016,Steven H Crossman,VCU HEALTH SYSTEM DBA MEDICAL COLLEGE OF VIRGINIA
1174524516,Diana P Crowder,VCU HEALTH SYSTEM DBA MEDICAL COLLEGE OF VIRGINIA
1104117654,Candice K Culpepper,VCU HEALTH SYSTEM DBA MEDICAL COLLEGE OF VIRGINIA
1548275001,Kirk L Cumpston,VCU HEALTH SYSTEM DBA MEDICAL COLLEGE OF VIRGINIA
1407843410,Lisa R Currier,VCU HEALTH SYSTEM DBA MEDICAL COLLEGE OF VIRGINIA
1780614651,Laurie W Cuttino,VCU HEALTH SYSTEM DBA MEDICAL COLLEGE OF VIRGINIA
1285837963,Anna T Czajka,VCU HEALTH SYSTEM DBA MEDICAL COLLEGE OF VIRGINIA
1093726325,Michael S Czekajlo,VCU HEALTH SYSTEM DBA MEDICAL COLLEGE OF VIRGINIA
1942240486,Amy Elizabeth Dahlgren,VCU HEALTH SYSTEM DBA MEDICAL COLLEGE OF VIRGINIA
1639339328,Justin B Dalton,VCU HEALTH SYSTEM DBA MEDICAL COLLEGE OF VIRGINIA
1508855909,Franklin N Dana,VCU HEALTH SYSTEM DBA MEDICAL COLLEGE OF VIRGINIA
1861664179,Helen H Dang,VCU HEALTH SYSTEM DBA MEDICAL COLLEGE OF VIRGINIA
1184734345,Ronsard Daniel,VCU HEALTH SYSTEM DBA MEDICAL COLLEGE OF VIRGINIA
1467433607,Emmeth A Daniel,VCU HEALTH SYSTEM DBA MEDICAL COLLEGE OF VIRGINIA
1215195854,Stamatina Danielides,VCU HEALTH SYSTEM DBA MEDICAL COLLEGE OF VIRGINIA
1770607376,Nanayaw A Darkwa,VCU HEALTH SYSTEM DBA MEDICAL COLLEGE OF VIRGINIA
1679564926,Paul C Davidson,VCU HEALTH SYSTEM DBA MEDICAL COLLEGE OF VIRGINIA
1124002217,Steven W Davis,VCU HEALTH SYSTEM DBA MEDICAL COLLEGE OF VIRGINIA
1164484283,Clifford L Deal,VCU HEALTH SYSTEM DBA MEDICAL COLLEGE OF VIRGINIA
1366431512,Katherine L Dec,VCU HEALTH SYSTEM DBA MEDICAL COLLEGE OF VIRGINIA
1629176185,George R Deeb,VCU HEALTH SYSTEM DBA MEDICAL COLLEGE OF VIRGINIA
1720017924,Silvia D Degliesposti,VCU HEALTH SYSTEM DBA MEDICAL COLLEGE OF VIRGINIA
1366447856,Nicole M Deiorio,VCU HEALTH SYSTEM DBA MEDICAL COLLEGE OF VIRGINIA
1295999357,Oveimar A Delacruz,VCU HEALTH SYSTEM DBA MEDICAL COLLEGE OF VIRGINIA
1750445086,Dawn N Delavallade,VCU HEALTH SYSTEM DBA MEDICAL COLLEGE OF VIRGINIA
1679679815,Egidio G Delfabbro,VCU HEALTH SYSTEM DBA MEDICAL COLLEGE OF VIRGINIA
1487672002,Robert J Delorenzo,VCU HEALTH SYSTEM DBA MEDICAL COLLEGE OF VIRGINIA
1639170160,Bethany L Denlinger,VCU HEALTH SYSTEM DBA MEDICAL COLLEGE OF VIRGINIA
1568774875,Peter M Dereus,VCU HEALTH SYSTEM DBA MEDICAL COLLEGE OF VIRGINIA
1124318381,Avani P Desai,VCU HEALTH SYSTEM DBA MEDICAL COLLEGE OF VIRGINIA
1750775151,Binyam Dessie,VCU HEALTH SYSTEM DBA MEDICAL COLLEGE OF VIRGINIA
1154402790,Marjolein Dewit,VCU HEALTH SYSTEM DBA MEDICAL COLLEGE OF VIRGINIA
1780815589,Praveen D Dharmapalanprasanna,VCU HEALTH SYSTEM DBA MEDICAL COLLEGE OF VIRGINIA
1003815218,Manjit S Dhillon,VCU HEALTH SYSTEM DBA MEDICAL COLLEGE OF VIRGINIA
1205070737,Sabrina K Dhillon,VCU HEALTH SYSTEM DBA MEDICAL COLLEGE OF VIRGINIA
1225119308,Harinder S Dhindsa,VCU HEALTH SYSTEM DBA MEDICAL COLLEGE OF VIRGINIA
1033539259,Joan V Dickerson,VCU HEALTH SYSTEM DBA MEDICAL COLLEGE OF VIRGINIA
1659457687,Susan R Digiovanni,VCU HEALTH SYSTEM DBA MEDICAL COLLEGE OF VIRGINIA
1245296292,Peter W Dillon,VCU HEALTH SYSTEM DBA MEDICAL COLLEGE OF VIRGINIA
1306840269,Mary C Dillon,VCU HEALTH SYSTEM DBA MEDICAL COLLEGE OF VIRGINIA
1609087147,Alexis A Dimaio,VCU HEALTH SYSTEM DBA MEDICAL COLLEGE OF VIRGINIA
1750324299,Laurence J Dinardo,VCU HEALTH SYSTEM DBA MEDICAL COLLEGE OF VIRGINIA
1710198197,Marie C Do,VCU HEALTH SYSTEM DBA MEDICAL COLLEGE OF VIRGINIA
1548580939,Lisa M Dodd,VCU HEALTH SYSTEM DBA MEDICAL COLLEGE OF VIRGINIA
1386670248,Kelley M Dodson,VCU HEALTH SYSTEM DBA MEDICAL COLLEGE OF VIRGINIA
1861628646,Michelle E Doll,VCU HEALTH SYSTEM DBA MEDICAL COLLEGE OF VIRGINIA
1134158223,Gregory F Domson,VCU HEALTH SYSTEM DBA MEDICAL COLLEGE OF VIRGINIA
1609196013,Jeffrey R Donowitz,VCU HEALTH SYSTEM DBA MEDICAL COLLEGE OF VIRGINIA
1336332220,James P Dore,VCU HEALTH SYSTEM DBA MEDICAL COLLEGE OF VIRGINIA
1285724823,Alan W Dow,VCU HEALTH SYSTEM DBA MEDICAL COLLEGE OF VIRGINIA
1558361337,John P Drago,VCU HEALTH SYSTEM DBA MEDICAL COLLEGE OF VIRGINIA
1922211481,Xinli Du,VCU HEALTH SYSTEM DBA MEDICAL COLLEGE OF VIRGINIA
1710998976,Arkadiy Z Dubovoy,VCU HEALTH SYSTEM DBA MEDICAL COLLEGE OF VIRGINIA
1225204464,Clarissa M Dudley,VCU HEALTH SYSTEM DBA MEDICAL COLLEGE OF VIRGINIA
1942600689,Erin Dunbar,VCU HEALTH SYSTEM DBA MEDICAL COLLEGE OF VIRGINIA
1427036540,Lucian A Durham,VCU HEALTH SYSTEM DBA MEDICAL COLLEGE OF VIRGINIA
1407820822,Nancy M Durso,VCU HEALTH SYSTEM DBA MEDICAL COLLEGE OF VIRGINIA
1972588044,Amanda K Dutton,VCU HEALTH SYSTEM DBA MEDICAL COLLEGE OF VIRGINIA
1508818048,George Eapen,VCU HEALTH SYSTEM DBA MEDICAL COLLEGE OF VIRGINIA
1962818476,Ravi S Edara,VCU HEALTH SYSTEM DBA MEDICAL COLLEGE OF VIRGINIA
1487618948,John D Edmondson,VCU HEALTH SYSTEM DBA MEDICAL COLLEGE OF VIRGINIA
1194933861,Lisa C Edsall,VCU HEALTH SYSTEM DBA MEDICAL COLLEGE OF VIRGINIA
1881656692,Steven B Edson,VCU HEALTH SYSTEM DBA MEDICAL COLLEGE OF VIRGINIA
1053404871,David F Edwards,VCU HEALTH SYSTEM DBA MEDICAL COLLEGE OF VIRGINIA
1700106465,Shelley E Edwards,VCU HEALTH SYSTEM DBA MEDICAL COLLEGE OF VIRGINIA
1932164274,Thomas J Eichler,VCU HEALTH SYSTEM DBA MEDICAL COLLEGE OF VIRGINIA
1437372695,Jeff D Elbich,VCU HEALTH SYSTEM DBA MEDICAL COLLEGE OF VIRGINIA
1609187848,Olatokunbo O Elemide,VCU HEALTH SYSTEM DBA MEDICAL COLLEGE OF VIRGINIA
1508966706,Kenneth A Ellenbogen,VCU HEALTH SYSTEM DBA MEDICAL COLLEGE OF VIRGINIA
1699868802,Charmaine N Elliott,VCU HEALTH SYSTEM DBA MEDICAL COLLEGE OF VIRGINIA
1144278672,Cynthia R Ellis,VCU HEALTH SYSTEM DBA MEDICAL COLLEGE OF VIRGINIA
1972508950,Lisa L Ellis,VCU HEALTH SYSTEM DBA MEDICAL COLLEGE OF VIRGINIA
1174887723,Nemer J Elmouallem,VCU HEALTH SYSTEM DBA MEDICAL COLLEGE OF VIRGINIA
1760466973,Jeffrey S Engel,VCU HEALTH SYSTEM DBA MEDICAL COLLEGE OF VIRGINIA
1013277490,Laura E Evans,VCU HEALTH SYSTEM DBA MEDICAL COLLEGE OF VIRGINIA
1295994424,David P Evans,VCU HEALTH SYSTEM DBA MEDICAL COLLEGE OF VIRGINIA
1861781387,Beata M Evans,VCU HEALTH SYSTEM DBA MEDICAL COLLEGE OF VIRGINIA
1699821520,Jose Emilio Exaire-Rodriguez,VCU HEALTH SYSTEM DBA MEDICAL COLLEGE OF VIRGINIA
1629415799,Patrick T Fadden,VCU HEALTH SYSTEM DBA MEDICAL COLLEGE OF VIRGINIA
1215229133,Daniel Falcao,VCU HEALTH SYSTEM DBA MEDICAL COLLEGE OF VIRGINIA
1467568261,James E Faliszek,VCU HEALTH SYSTEM DBA MEDICAL COLLEGE OF VIRGINIA
1275609349,Tzann T Fang,VCU HEALTH SYSTEM DBA MEDICAL COLLEGE OF VIRGINIA
1093942393,Imran S Farooq,VCU HEALTH SYSTEM DBA MEDICAL COLLEGE OF VIRGINIA
1972802569,Adedayo O Fashoyin,VCU HEALTH SYSTEM DBA MEDICAL COLLEGE OF VIRGINIA
1841408531,Yahya I Fatani,VCU HEALTH SYSTEM DBA MEDICAL COLLEGE OF VIRGINIA
1841423019,Hasan Fattah,VCU HEALTH SYSTEM DBA MEDICAL COLLEGE OF VIRGINIA
1992895247,Venkata R Feeser,VCU HEALTH SYSTEM DBA MEDICAL COLLEGE OF VIRGINIA
1114136371,Michael J Feldman,VCU HEALTH SYSTEM DBA MEDICAL COLLEGE OF VIRGINIA
1447579917,Lisa Anne Feldman,VCU HEALTH SYSTEM DBA MEDICAL COLLEGE OF VIRGINIA
1598783680,Warren L Felton,VCU HEALTH SYSTEM DBA MEDICAL COLLEGE OF VIRGINIA
1619186897,Robert T Ferguson,VCU HEALTH SYSTEM DBA MEDICAL COLLEGE OF VIRGINIA
1801965421,Jeffrey D Ferguson,VCU HEALTH SYSTEM DBA MEDICAL COLLEGE OF VIRGINIA
1639360753,Leopoldo J Fernandez,VCU HEALTH SYSTEM DBA MEDICAL COLLEGE OF VIRGINIA
1902076169,Paula E Ferrada,VCU HEALTH SYSTEM DBA MEDICAL COLLEGE OF VIRGINIA
1851552178,Emma C Fields,VCU HEALTH SYSTEM DBA MEDICAL COLLEGE OF VIRGINIA
1477990406,Geoffrey D Fisher,VCU HEALTH SYSTEM DBA MEDICAL COLLEGE OF VIRGINIA
1871686725,Alan J Fitch,VCU HEALTH SYSTEM DBA MEDICAL COLLEGE OF VIRGINIA
1093774648,William G Fitzhugh,VCU HEALTH SYSTEM DBA MEDICAL COLLEGE OF VIRGINIA
1831686013,Kayla M Flynn,VCU HEALTH SYSTEM DBA MEDICAL COLLEGE OF VIRGINIA
1649552225,Michael P Fogel,VCU HEALTH SYSTEM DBA MEDICAL COLLEGE OF VIRGINIA
1922495258,Irene B Foley,VCU HEALTH SYSTEM DBA MEDICAL COLLEGE OF VIRGINIA
1417215971,David Folk,VCU HEALTH SYSTEM DBA MEDICAL COLLEGE OF VIRGINIA
1174943153,Jonathan L Forbes,VCU HEALTH SYSTEM DBA MEDICAL COLLEGE OF VIRGINIA
1417091406,Robin L Foster,VCU HEALTH SYSTEM DBA MEDICAL COLLEGE OF VIRGINIA
1457444382,William C Foster,VCU HEALTH SYSTEM DBA MEDICAL COLLEGE OF VIRGINIA
1578694964,Regina C Foster,VCU HEALTH SYSTEM DBA MEDICAL COLLEGE OF VIRGINIA
1982723581,Carmen M Foster,VCU HEALTH SYSTEM DBA MEDICAL COLLEGE OF VIRGINIA
1245333111,Michael A Fowler,VCU HEALTH SYSTEM DBA MEDICAL COLLEGE OF VIRGINIA
1972684512,Alpha A Fowler,VCU HEALTH SYSTEM DBA MEDICAL COLLEGE OF VIRGINIA
1164680096,Jenny R Fox,VCU HEALTH SYSTEM DBA MEDICAL COLLEGE OF VIRGINIA
1396836912,Regina Y Fragneto,VCU HEALTH SYSTEM DBA MEDICAL COLLEGE OF VIRGINIA
1013963925,Jessica A Frankenhoff,VCU HEALTH SYSTEM DBA MEDICAL COLLEGE OF VIRGINIA
1003891813,Steven R Frelier,VCU HEALTH SYSTEM DBA MEDICAL COLLEGE OF VIRGINIA
1154765618,Brandon T Frett,VCU HEALTH SYSTEM DBA MEDICAL COLLEGE OF VIRGINIA
1215937347,Raymond T Frey,VCU HEALTH SYSTEM DBA MEDICAL COLLEGE OF VIRGINIA
1942418553,David J Friedel,VCU HEALTH SYSTEM DBA MEDICAL COLLEGE OF VIRGINIA
1487730420,Michael Fuchs,VCU HEALTH SYSTEM DBA MEDICAL COLLEGE OF VIRGINIA
1093819237,Ann S Fulcher,VCU HEALTH SYSTEM DBA MEDICAL COLLEGE OF VIRGINIA
1942477443,Julia M Fullerton,VCU HEALTH SYSTEM DBA MEDICAL COLLEGE OF VIRGINIA
1750598827,Jill K Gaidos,VCU HEALTH SYSTEM DBA MEDICAL COLLEGE OF VIRGINIA
1871085290,Pedrojovel Armando Gallegos,VCU HEALTH SYSTEM DBA MEDICAL COLLEGE OF VIRGINIA
1346566627,Adam Garber,VCU HEALTH SYSTEM DBA MEDICAL COLLEGE OF VIRGINIA
1104190099,Juanita Garrett,VCU HEALTH SYSTEM DBA MEDICAL COLLEGE OF VIRGINIA
1396770665,Algin B Garrett,VCU HEALTH SYSTEM DBA MEDICAL COLLEGE OF VIRGINIA
1063455335,Paulo M Gazoni,VCU HEALTH SYSTEM DBA MEDICAL COLLEGE OF VIRGINIA
1588704480,Kevin C Geer,VCU HEALTH SYSTEM DBA MEDICAL COLLEGE OF VIRGINIA
1487738233,Todd W Gehr,VCU HEALTH SYSTEM DBA MEDICAL COLLEGE OF VIRGINIA
1972712172,Lynne C Gehr,VCU HEALTH SYSTEM DBA MEDICAL COLLEGE OF VIRGINIA
1699284133,Amanda E Geiter,VCU HEALTH SYSTEM DBA MEDICAL COLLEGE OF VIRGINIA
1194088302,Nigussie A Geleta,VCU HEALTH SYSTEM DBA MEDICAL COLLEGE OF VIRGINIA
1376869446,Amanda George,VCU HEALTH SYSTEM DBA MEDICAL COLLEGE OF VIRGINIA
1649588211,Hlynur Georgsson,VCU HEALTH SYSTEM DBA MEDICAL COLLEGE OF VIRGINIA
1174548598,Enrique Gerszten,VCU HEALTH SYSTEM DBA MEDICAL COLLEGE OF VIRGINIA
1457414849,Zachary M Gertz,VCU HEALTH SYSTEM DBA MEDICAL COLLEGE OF VIRGINIA
1871912097,Jessica B Gertz,VCU HEALTH SYSTEM DBA MEDICAL COLLEGE OF VIRGINIA
1891795001,Charles E Geyer,VCU HEALTH SYSTEM DBA MEDICAL COLLEGE OF VIRGINIA
1386910867,Seyedmohammad H Gharavi,VCU HEALTH SYSTEM DBA MEDICAL COLLEGE OF VIRGINIA
1538668363,Laura A Giambra,VCU HEALTH SYSTEM DBA MEDICAL COLLEGE OF VIRGINIA
1144314469,Edward J Gill,VCU HEALTH SYSTEM DBA MEDICAL COLLEGE OF VIRGINIA
1194815738,Gordon D Ginder,VCU HEALTH SYSTEM DBA MEDICAL COLLEGE OF VIRGINIA
1306282553,Graham T Gipson,VCU HEALTH SYSTEM DBA MEDICAL COLLEGE OF VIRGINIA
1891885588,Philippe H Girerd,VCU HEALTH SYSTEM DBA MEDICAL COLLEGE OF VIRGINIA
1326275009,Andinet B Gizaw,VCU HEALTH SYSTEM DBA MEDICAL COLLEGE OF VIRGINIA
1922119049,Monica M Goble,VCU HEALTH SYSTEM DBA MEDICAL COLLEGE OF VIRGINIA
1518200682,Elizabeth A Godbey,VCU HEALTH SYSTEM DBA MEDICAL COLLEGE OF VIRGINIA
1649475260,Aaron E Goldberg,VCU HEALTH SYSTEM DBA MEDICAL COLLEGE OF VIRGINIA
1841409042,Stephanie R Goldberg,VCU HEALTH SYSTEM DBA MEDICAL COLLEGE OF VIRGINIA
1780672824,Gregory J Golladay,VCU HEALTH SYSTEM DBA MEDICAL COLLEGE OF VIRGINIA
1376839589,Danielle X Gong,VCU HEALTH SYSTEM DBA MEDICAL COLLEGE OF VIRGINIA
1245467638,Victor Hugo Gonzalez-Montoya,VCU HEALTH SYSTEM DBA MEDICAL COLLEGE OF VIRGINIA
1396902870,Terral C Goode,VCU HEALTH SYSTEM DBA MEDICAL COLLEGE OF VIRGINIA
1457797078,William C Goodman,VCU HEALTH SYSTEM DBA MEDICAL COLLEGE OF VIRGINIA
1093946162,Sarah W Gordon,VCU HEALTH SYSTEM DBA MEDICAL COLLEGE OF VIRGINIA
1477667293,David P Gosselin,VCU HEALTH SYSTEM DBA MEDICAL COLLEGE OF VIRGINIA
1124015474,Paul E Gourley,VCU HEALTH SYSTEM DBA MEDICAL COLLEGE OF VIRGINIA
1821295122,Madhu S Gowda,VCU HEALTH SYSTEM DBA MEDICAL COLLEGE OF VIRGINIA
1023112158,Martin F Graham,VCU HEALTH SYSTEM DBA MEDICAL COLLEGE OF VIRGINIA
1942231501,Robert S Graham,VCU HEALTH SYSTEM DBA MEDICAL COLLEGE OF VIRGINIA
1447330089,Jeffrey D Grant,VCU HEALTH SYSTEM DBA MEDICAL COLLEGE OF VIRGINIA
1669562203,Steven X Grant,VCU HEALTH SYSTEM DBA MEDICAL COLLEGE OF VIRGINIA
1942468772,Ryan B Graves,VCU HEALTH SYSTEM DBA MEDICAL COLLEGE OF VIRGINIA
1699886671,Jeffrey A Green,VCU HEALTH SYSTEM DBA MEDICAL COLLEGE OF VIRGINIA
1265497986,David N Greenberg,VCU HEALTH SYSTEM DBA MEDICAL COLLEGE OF VIRGINIA
1841282423,Harvey M Greenberg,VCU HEALTH SYSTEM DBA MEDICAL COLLEGE OF VIRGINIA
1922038496,Daniel C Grinnan,VCU HEALTH SYSTEM DBA MEDICAL COLLEGE OF VIRGINIA
1629172861,John D Grizzard,VCU HEALTH SYSTEM DBA MEDICAL COLLEGE OF VIRGINIA
1760427595,Baruch M Grob,VCU HEALTH SYSTEM DBA MEDICAL COLLEGE OF VIRGINIA
1285665885,Catherine E Grossman,VCU HEALTH SYSTEM DBA MEDICAL COLLEGE OF VIRGINIA
1790768638,Steven R Grossman,VCU HEALTH SYSTEM DBA MEDICAL COLLEGE OF VIRGINIA
1386664605,Amelia C Grover,VCU HEALTH SYSTEM DBA MEDICAL COLLEGE OF VIRGINIA
1730386491,Robert C Groves,VCU HEALTH SYSTEM DBA MEDICAL COLLEGE OF VIRGINIA
1265478184,Yaoming Gu,VCU HEALTH SYSTEM DBA MEDICAL COLLEGE OF VIRGINIA
1770802902,Christopher H Guerry,VCU HEALTH SYSTEM DBA MEDICAL COLLEGE OF VIRGINIA
1265441166,Thomas C Guirkin,VCU HEALTH SYSTEM DBA MEDICAL COLLEGE OF VIRGINIA
1356445787,Gauri Gulati,VCU HEALTH SYSTEM DBA MEDICAL COLLEGE OF VIRGINIA
1326142753,Scott D Gullquist,VCU HEALTH SYSTEM DBA MEDICAL COLLEGE OF VIRGINIA
1477865301,Sampath Gunda,VCU HEALTH SYSTEM DBA MEDICAL COLLEGE OF VIRGINIA
1083808695,Gaurav Gupta,VCU HEALTH SYSTEM DBA MEDICAL COLLEGE OF VIRGINIA
1467656066,Anshu Gupta,VCU HEALTH SYSTEM DBA MEDICAL COLLEGE OF VIRGINIA
1881792315,Georgi Guruli,VCU HEALTH SYSTEM DBA MEDICAL COLLEGE OF VIRGINIA
1124389531,Margaret S Guy,VCU HEALTH SYSTEM DBA MEDICAL COLLEGE OF VIRGINIA
1285601948,Luis A Guzman,VCU HEALTH SYSTEM DBA MEDICAL COLLEGE OF VIRGINIA
1073716775,Kelly G Gwathmey,VCU HEALTH SYSTEM DBA MEDICAL COLLEGE OF VIRGINIA
1598101743,Harutyun V Gyurjyan,VCU HEALTH SYSTEM DBA MEDICAL COLLEGE OF VIRGINIA
1508066796,Peter J Haar,VCU HEALTH SYSTEM DBA MEDICAL COLLEGE OF VIRGINIA
1679739791,Saima Z Habib,VCU HEALTH SYSTEM DBA MEDICAL COLLEGE OF VIRGINIA
1659461291,Mary H Hackney,VCU HEALTH SYSTEM DBA MEDICAL COLLEGE OF VIRGINIA
1063773786,Beau D Hagler,VCU HEALTH SYSTEM DBA MEDICAL COLLEGE OF VIRGINIA
1477664175,John R Hague,VCU HEALTH SYSTEM DBA MEDICAL COLLEGE OF VIRGINIA
1326228222,Scott R Haines,VCU HEALTH SYSTEM DBA MEDICAL COLLEGE OF VIRGINIA
1104834639,John M Ham,VCU HEALTH SYSTEM DBA MEDICAL COLLEGE OF VIRGINIA
1609073139,Catherine B Ham,VCU HEALTH SYSTEM DBA MEDICAL COLLEGE OF VIRGINIA
1356300552,Lance J Hampton,VCU HEALTH SYSTEM DBA MEDICAL COLLEGE OF VIRGINIA
1770927642,Melyssa K Hancock,VCU HEALTH SYSTEM DBA MEDICAL COLLEGE OF VIRGINIA
1346253093,Rashmi Hande,VCU HEALTH SYSTEM DBA MEDICAL COLLEGE OF VIRGINIA
1316208937,Harneet K Hara,VCU HEALTH SYSTEM DBA MEDICAL COLLEGE OF VIRGINIA
1659393817,Amy D Harper,VCU HEALTH SYSTEM DBA MEDICAL COLLEGE OF VIRGINIA
1225200132,Timothy J Harris,VCU HEALTH SYSTEM DBA MEDICAL COLLEGE OF VIRGINIA
1760522353,Leeanne K Harshman,VCU HEALTH SYSTEM DBA MEDICAL COLLEGE OF VIRGINIA
1750588299,Sarah M Hartigan,VCU HEALTH SYSTEM DBA MEDICAL COLLEGE OF VIRGINIA
1245265784,Kirk R Hasenmueller,VCU HEALTH SYSTEM DBA MEDICAL COLLEGE OF VIRGINIA
1235201336,William E Hauda,VCU HEALTH SYSTEM DBA MEDICAL COLLEGE OF VIRGINIA
1912101312,Justin M Haught,VCU HEALTH SYSTEM DBA MEDICAL COLLEGE OF VIRGINIA
1629380571,Asad A Hayat,VCU HEALTH SYSTEM DBA MEDICAL COLLEGE OF VIRGINIA
1205920758,Curtis W Hayes,VCU HEALTH SYSTEM DBA MEDICAL COLLEGE OF VIRGINIA
1730170473,Jeffrey H Haynes,VCU HEALTH SYSTEM DBA MEDICAL COLLEGE OF VIRGINIA
1700148905,Raphiel F Heard,VCU HEALTH SYSTEM DBA MEDICAL COLLEGE OF VIRGINIA
1184642233,John F Heath,VCU HEALTH SYSTEM DBA MEDICAL COLLEGE OF VIRGINIA
1114099918,Maya R Heinert,VCU HEALTH SYSTEM DBA MEDICAL COLLEGE OF VIRGINIA
1477509685,Amy R Hellbusch,VCU HEALTH SYSTEM DBA MEDICAL COLLEGE OF VIRGINIA
1003025230,Marieka Ann Helou,VCU HEALTH SYSTEM DBA MEDICAL COLLEGE OF VIRGINIA
1568559664,Robin R Hemphill,VCU HEALTH SYSTEM DBA MEDICAL COLLEGE OF VIRGINIA
1518166354,Michael D Henderson,VCU HEALTH SYSTEM DBA MEDICAL COLLEGE OF VIRGINIA
1215924139,Karen D Hendricks-Munoz,VCU HEALTH SYSTEM DBA MEDICAL COLLEGE OF VIRGINIA
1942561584,Matthew D Herczyk,VCU HEALTH SYSTEM DBA MEDICAL COLLEGE OF VIRGINIA
1205863396,Claude D Herndon,VCU HEALTH SYSTEM DBA MEDICAL COLLEGE OF VIRGINIA
1174788228,Francisco J Herrera,VCU HEALTH SYSTEM DBA MEDICAL COLLEGE OF VIRGINIA
1275707994,Becky R Hickey,VCU HEALTH SYSTEM DBA MEDICAL COLLEGE OF VIRGINIA
1356343941,Kenneth S Hickey,VCU HEALTH SYSTEM DBA MEDICAL COLLEGE OF VIRGINIA
1619053659,Robert T Higginson,VCU HEALTH SYSTEM DBA MEDICAL COLLEGE OF VIRGINIA
1851611834,Phillip M Hobbs,VCU HEALTH SYSTEM DBA MEDICAL COLLEGE OF VIRGINIA
1437312808,Sarah E Hobgood,VCU HEALTH SYSTEM DBA MEDICAL COLLEGE OF VIRGINIA
1396979019,Sarah E Hoffmann,VCU HEALTH SYSTEM DBA MEDICAL COLLEGE OF VIRGINIA
1639431869,Timothy J Hofstra,VCU HEALTH SYSTEM DBA MEDICAL COLLEGE OF VIRGINIA
1669553830,Christopher J Hogan,VCU HEALTH SYSTEM DBA MEDICAL COLLEGE OF VIRGINIA
1811961238,William A Hogge,VCU HEALTH SYSTEM DBA MEDICAL COLLEGE OF VIRGINIA
1326219262,David Hohuan,VCU HEALTH SYSTEM DBA MEDICAL COLLEGE OF VIRGINIA
1871751727,Beata Holkova,VCU HEALTH SYSTEM DBA MEDICAL COLLEGE OF VIRGINIA
1366470072,Kathryn L Holloway,VCU HEALTH SYSTEM DBA MEDICAL COLLEGE OF VIRGINIA
1831352582,Galen R Holmes,VCU HEALTH SYSTEM DBA MEDICAL COLLEGE OF VIRGINIA
1417281270,Kristen L Hooker,VCU HEALTH SYSTEM DBA MEDICAL COLLEGE OF VIRGINIA
1992786529,Kevin B Hoover,VCU HEALTH SYSTEM DBA MEDICAL COLLEGE OF VIRGINIA
1952412660,Robert L Hope,VCU HEALTH SYSTEM DBA MEDICAL COLLEGE OF VIRGINIA
1316191778,Joanna J Horstmann,VCU HEALTH SYSTEM DBA MEDICAL COLLEGE OF VIRGINIA
1699755223,Nasiffa Hossain,VCU HEALTH SYSTEM DBA MEDICAL COLLEGE OF VIRGINIA
1275524712,William H Howard,VCU HEALTH SYSTEM DBA MEDICAL COLLEGE OF VIRGINIA
1043321771,Keith A Howell,VCU HEALTH SYSTEM DBA MEDICAL COLLEGE OF VIRGINIA
1861901738,Nicola E Hugheshallett,VCU HEALTH SYSTEM DBA MEDICAL COLLEGE OF VIRGINIA
1063594935,Jose F Huizar,VCU HEALTH SYSTEM DBA MEDICAL COLLEGE OF VIRGINIA
1528065448,Peter R Hulick,VCU HEALTH SYSTEM DBA MEDICAL COLLEGE OF VIRGINIA
1194700484,William G Hundley,VCU HEALTH SYSTEM DBA MEDICAL COLLEGE OF VIRGINIA
1457328767,Willoughby S Hundley,VCU HEALTH SYSTEM DBA MEDICAL COLLEGE OF VIRGINIA
1265436158,Elizabeth A Huntoon,VCU HEALTH SYSTEM DBA MEDICAL COLLEGE OF VIRGINIA
1306816707,Marc A Huntoon,VCU HEALTH SYSTEM DBA MEDICAL COLLEGE OF VIRGINIA
1174942700,Jessica L Hupe,VCU HEALTH SYSTEM DBA MEDICAL COLLEGE OF VIRGINIA
1871504043,Christine N Huynh,VCU HEALTH SYSTEM DBA MEDICAL COLLEGE OF VIRGINIA
1902243843,Jordan B Hylton,VCU HEALTH SYSTEM DBA MEDICAL COLLEGE OF VIRGINIA
1699960930,Ikenna C Ibe,VCU HEALTH SYSTEM DBA MEDICAL COLLEGE OF VIRGINIA
1932406816,Iman M Ibrahim,VCU HEALTH SYSTEM DBA MEDICAL COLLEGE OF VIRGINIA
1275740417,Thomas C Iden,VCU HEALTH SYSTEM DBA MEDICAL COLLEGE OF VIRGINIA
1962413310,Michael O Idowu,VCU HEALTH SYSTEM DBA MEDICAL COLLEGE OF VIRGINIA
1235233669,Anne M Irani,VCU HEALTH SYSTEM DBA MEDICAL COLLEGE OF VIRGINIA
1578656476,Jonathan E Isaacs,VCU HEALTH SYSTEM DBA MEDICAL COLLEGE OF VIRGINIA
1871687194,Christine R Isaacs,VCU HEALTH SYSTEM DBA MEDICAL COLLEGE OF VIRGINIA
1285021915,Linsey L Jackson,VCU HEALTH SYSTEM DBA MEDICAL COLLEGE OF VIRGINIA
1962473033,David J Jaffe,VCU HEALTH SYSTEM DBA MEDICAL COLLEGE OF VIRGINIA
1063602613,Rahul Jasti,VCU HEALTH SYSTEM DBA MEDICAL COLLEGE OF VIRGINIA
1659409225,Sudha P Jayaraman,VCU HEALTH SYSTEM DBA MEDICAL COLLEGE OF VIRGINIA
1649566258,Derick N Jenkins,VCU HEALTH SYSTEM DBA MEDICAL COLLEGE OF VIRGINIA
1124447560,Jason B Jennings,VCU HEALTH SYSTEM DBA MEDICAL COLLEGE OF VIRGINIA
1902243975,David K Jessee,VCU HEALTH SYSTEM DBA MEDICAL COLLEGE OF VIRGINIA
1326369737,Myrlene Jeudy,VCU HEALTH SYSTEM DBA MEDICAL COLLEGE OF VIRGINIA
1194874198,Rafael M Jimenez,VCU HEALTH SYSTEM DBA MEDICAL COLLEGE OF VIRGINIA
1790978187,Binu V John,VCU HEALTH SYSTEM DBA MEDICAL COLLEGE OF VIRGINIA
1881012318,Ajin John,VCU HEALTH SYSTEM DBA MEDICAL COLLEGE OF VIRGINIA
1104916741,Betty A Johnson,VCU HEALTH SYSTEM DBA MEDICAL COLLEGE OF VIRGINIA
1154717361,Danielle A Johnson,VCU HEALTH SYSTEM DBA MEDICAL COLLEGE OF VIRGINIA
1639191059,Bruce E Johnson,VCU HEALTH SYSTEM DBA MEDICAL COLLEGE OF VIRGINIA
1679573745,Lydia J Johnson,VCU HEALTH SYSTEM DBA MEDICAL COLLEGE OF VIRGINIA
1780959171,Shelby M Johnson,VCU HEALTH SYSTEM DBA MEDICAL COLLEGE OF VIRGINIA
1831128164,Christopher R Johnson,VCU HEALTH SYSTEM DBA MEDICAL COLLEGE OF VIRGINIA
1952788119,Timothy V Johnson,VCU HEALTH SYSTEM DBA MEDICAL COLLEGE OF VIRGINIA
1013178250,Kathryn S Jones,VCU HEALTH SYSTEM DBA MEDICAL COLLEGE OF VIRGINIA
1700093887,Aaron M Jones,VCU HEALTH SYSTEM DBA MEDICAL COLLEGE OF VIRGINIA
1447209663,Patrick M Jordan,VCU HEALTH SYSTEM DBA MEDICAL COLLEGE OF VIRGINIA
1609187285,Jennifer Lourdes Jorge,VCU HEALTH SYSTEM DBA MEDICAL COLLEGE OF VIRGINIA
1588616825,Mathew K Joseph,VCU HEALTH SYSTEM DBA MEDICAL COLLEGE OF VIRGINIA
1770501884,Lenore N Joseph,VCU HEALTH SYSTEM DBA MEDICAL COLLEGE OF VIRGINIA
1194154500,Stephanie R Joyce,VCU HEALTH SYSTEM DBA MEDICAL COLLEGE OF VIRGINIA
1558616607,John Michael Joyce,VCU HEALTH SYSTEM DBA MEDICAL COLLEGE OF VIRGINIA
1962493874,Lisa A Kachnic,VCU HEALTH SYSTEM DBA MEDICAL COLLEGE OF VIRGINIA
1811206816,Dinesh Kadariya,VCU HEALTH SYSTEM DBA MEDICAL COLLEGE OF VIRGINIA
1467552679,Gautham Kalahasty,VCU HEALTH SYSTEM DBA MEDICAL COLLEGE OF VIRGINIA
1720017403,Santosh S Kale,VCU HEALTH SYSTEM DBA MEDICAL COLLEGE OF VIRGINIA
1558365445,Prakasam K Kalluri,VCU HEALTH SYSTEM DBA MEDICAL COLLEGE OF VIRGINIA
1619110764,Niraj V Kalore,VCU HEALTH SYSTEM DBA MEDICAL COLLEGE OF VIRGINIA
1285667576,Arun A Kalra,VCU HEALTH SYSTEM DBA MEDICAL COLLEGE OF VIRGINIA
1568607026,Layla G Kamal,VCU HEALTH SYSTEM DBA MEDICAL COLLEGE OF VIRGINIA
1720183742,Marek J Kaminski,VCU HEALTH SYSTEM DBA MEDICAL COLLEGE OF VIRGINIA
1346535846,Christopher J Kandl,VCU HEALTH SYSTEM DBA MEDICAL COLLEGE OF VIRGINIA
1992898050,Nandita K Kapa-Kalahasty,VCU HEALTH SYSTEM DBA MEDICAL COLLEGE OF VIRGINIA
1578848842,Jyoti Kapil,VCU HEALTH SYSTEM DBA MEDICAL COLLEGE OF VIRGINIA
1164505236,Brian J Kaplan,VCU HEALTH SYSTEM DBA MEDICAL COLLEGE OF VIRGINIA
1487642773,Craig B Kaplan,VCU HEALTH SYSTEM DBA MEDICAL COLLEGE OF VIRGINIA
1033370788,Ashwani Kapoor,VCU HEALTH SYSTEM DBA MEDICAL COLLEGE OF VIRGINIA
1952499048,Vibhu M Kapoor,VCU HEALTH SYSTEM DBA MEDICAL COLLEGE OF VIRGINIA
1174049282,Oliver L Karam,VCU HEALTH SYSTEM DBA MEDICAL COLLEGE OF VIRGINIA
1942390646,Nicole W Karjane,VCU HEALTH SYSTEM DBA MEDICAL COLLEGE OF VIRGINIA
1427220227,Markos G Kashiouris,VCU HEALTH SYSTEM DBA MEDICAL COLLEGE OF VIRGINIA
1578592671,Vigneshwar Kasirajan,VCU HEALTH SYSTEM DBA MEDICAL COLLEGE OF VIRGINIA
1942520341,Cristin D Kaspar,VCU HEALTH SYSTEM DBA MEDICAL COLLEGE OF VIRGINIA
1912260134,Dejene G Kassaye,VCU HEALTH SYSTEM DBA MEDICAL COLLEGE OF VIRGINIA
1013985886,Stephen L Kates,VCU HEALTH SYSTEM DBA MEDICAL COLLEGE OF VIRGINIA
1124063904,Gundars J Katlaps,VCU HEALTH SYSTEM DBA MEDICAL COLLEGE OF VIRGINIA
1528020500,Graham D Keats,VCU HEALTH SYSTEM DBA MEDICAL COLLEGE OF VIRGINIA
1841497302,Jessica L Keiser,VCU HEALTH SYSTEM DBA MEDICAL COLLEGE OF VIRGINIA
1528350436,Craig R Kelman,VCU HEALTH SYSTEM DBA MEDICAL COLLEGE OF VIRGINIA
1821016841,Lydia K Kernitsky,VCU HEALTH SYSTEM DBA MEDICAL COLLEGE OF VIRGINIA
1427142157,Gordon H Kerr,VCU HEALTH SYSTEM DBA MEDICAL COLLEGE OF VIRGINIA
1871697201,Ann T Kessel,VCU HEALTH SYSTEM DBA MEDICAL COLLEGE OF VIRGINIA
1003836107,Asadullah Khan,VCU HEALTH SYSTEM DBA MEDICAL COLLEGE OF VIRGINIA
1952535908,Abhay Khashu,VCU HEALTH SYSTEM DBA MEDICAL COLLEGE OF VIRGINIA
1568693406,Joseph A Khoury,VCU HEALTH SYSTEM DBA MEDICAL COLLEGE OF VIRGINIA
1588824551,Jason Michael Kidd,VCU HEALTH SYSTEM DBA MEDICAL COLLEGE OF VIRGINIA
1669584611,Jeannette F Kierce,VCU HEALTH SYSTEM DBA MEDICAL COLLEGE OF VIRGINIA
1609168327,Jae Y Kim,VCU HEALTH SYSTEM DBA MEDICAL COLLEGE OF VIRGINIA
1659533388,Christin Kim,VCU HEALTH SYSTEM DBA MEDICAL COLLEGE OF VIRGINIA
1992951651,Eugene T Kim,VCU HEALTH SYSTEM DBA MEDICAL COLLEGE OF VIRGINIA
1154613172,Tiffany Nicole Kimbrough,VCU HEALTH SYSTEM DBA MEDICAL COLLEGE OF VIRGINIA
1073735668,Joshua D King,VCU HEALTH SYSTEM DBA MEDICAL COLLEGE OF VIRGINIA
1205919180,Anne L King,VCU HEALTH SYSTEM DBA MEDICAL COLLEGE OF VIRGINIA
1780788117,Barry V Kirkpatrick,VCU HEALTH SYSTEM DBA MEDICAL COLLEGE OF VIRGINIA
1295932754,Rekha Kishore,VCU HEALTH SYSTEM DBA MEDICAL COLLEGE OF VIRGINIA
1285683797,Adam P Klausner,VCU HEALTH SYSTEM DBA MEDICAL COLLEGE OF VIRGINIA
1508833682,Rochelle L Klinger,VCU HEALTH SYSTEM DBA MEDICAL COLLEGE OF VIRGINIA
1699094375,Paul F Koch,VCU HEALTH SYSTEM DBA MEDICAL COLLEGE OF VIRGINIA
1942304357,William C Koch,VCU HEALTH SYSTEM DBA MEDICAL COLLEGE OF VIRGINIA
1942347646,Deborah A Koehn,VCU HEALTH SYSTEM DBA MEDICAL COLLEGE OF VIRGINIA
1356676225,Bradley E Kolesar,VCU HEALTH SYSTEM DBA MEDICAL COLLEGE OF VIRGINIA
1700042231,Michael T Kometa,VCU HEALTH SYSTEM DBA MEDICAL COLLEGE OF VIRGINIA
1083709539,Daniel J Komorowski,VCU HEALTH SYSTEM DBA MEDICAL COLLEGE OF VIRGINIA
1760682512,Jayanthi N Koneru,VCU HEALTH SYSTEM DBA MEDICAL COLLEGE OF VIRGINIA
1659503118,Venkata R Konjeti,VCU HEALTH SYSTEM DBA MEDICAL COLLEGE OF VIRGINIA
1144306184,Michael C Kontos,VCU HEALTH SYSTEM DBA MEDICAL COLLEGE OF VIRGINIA
1114005568,Harry P Koo,VCU HEALTH SYSTEM DBA MEDICAL COLLEGE OF VIRGINIA
1619948494,Holly E Korsvik-Wysocki,VCU HEALTH SYSTEM DBA MEDICAL COLLEGE OF VIRGINIA
1467688523,Vikas M Kothapalli,VCU HEALTH SYSTEM DBA MEDICAL COLLEGE OF VIRGINIA
1306188321,Niraj R Kothari,VCU HEALTH SYSTEM DBA MEDICAL COLLEGE OF VIRGINIA
1528350915,Adele O Kraft,VCU HEALTH SYSTEM DBA MEDICAL COLLEGE OF VIRGINIA
1427294099,Aaron J Krill,VCU HEALTH SYSTEM DBA MEDICAL COLLEGE OF VIRGINIA
1093976359,Fatoumata Kromah,VCU HEALTH SYSTEM DBA MEDICAL COLLEGE OF VIRGINIA
1952473076,Jordana Kron,VCU HEALTH SYSTEM DBA MEDICAL COLLEGE OF VIRGINIA
1922494244,Ariella Krones,VCU HEALTH SYSTEM DBA MEDICAL COLLEGE OF VIRGINIA
1356431902,John F Kuemmerle,VCU HEALTH SYSTEM DBA MEDICAL COLLEGE OF VIRGINIA
1053445049,Victoria G Kuester,VCU HEALTH SYSTEM DBA MEDICAL COLLEGE OF VIRGINIA
1407804347,Klashok Ashok Kumar,VCU HEALTH SYSTEM DBA MEDICAL COLLEGE OF VIRGINIA
1629162938,Dhiren Kumar,VCU HEALTH SYSTEM DBA MEDICAL COLLEGE OF VIRGINIA
1891773354,Pankaj Kumar,VCU HEALTH SYSTEM DBA MEDICAL COLLEGE OF VIRGINIA
1598869927,Philip Kum-Nji,VCU HEALTH SYSTEM DBA MEDICAL COLLEGE OF VIRGINIA
1003949751,Richard D Kunz,VCU HEALTH SYSTEM DBA MEDICAL COLLEGE OF VIRGINIA
1801980115,Jeffrey T Kushinka,VCU HEALTH SYSTEM DBA MEDICAL COLLEGE OF VIRGINIA
1538336706,Joanna E Kusmirek,VCU HEALTH SYSTEM DBA MEDICAL COLLEGE OF VIRGINIA
1083940738,Anna M Kutcher,VCU HEALTH SYSTEM DBA MEDICAL COLLEGE OF VIRGINIA
1770691529,Anton J Kuzel,VCU HEALTH SYSTEM DBA MEDICAL COLLEGE OF VIRGINIA
1922354042,Jatinder Lachar,VCU HEALTH SYSTEM DBA MEDICAL COLLEGE OF VIRGINIA
1265528087,Laura A Lahaye,VCU HEALTH SYSTEM DBA MEDICAL COLLEGE OF VIRGINIA
1336342971,Guanhua Lai,VCU HEALTH SYSTEM DBA MEDICAL COLLEGE OF VIRGINIA
1497047161,Nicole M Laney,VCU HEALTH SYSTEM DBA MEDICAL COLLEGE OF VIRGINIA
1295829125,Patricia A Lange,VCU HEALTH SYSTEM DBA MEDICAL COLLEGE OF VIRGINIA
1114227378,Whitney A Langlois,VCU HEALTH SYSTEM DBA MEDICAL COLLEGE OF VIRGINIA
1982794624,Susan M Lanni,VCU HEALTH SYSTEM DBA MEDICAL COLLEGE OF VIRGINIA
1275524977,David A Lanning,VCU HEALTH SYSTEM DBA MEDICAL COLLEGE OF VIRGINIA
1477573707,Robert A Larson,VCU HEALTH SYSTEM DBA MEDICAL COLLEGE OF VIRGINIA
1598218463,Jessica M Lassen,VCU HEALTH SYSTEM DBA MEDICAL COLLEGE OF VIRGINIA
1760642953,Kelly K Lastrapes,VCU HEALTH SYSTEM DBA MEDICAL COLLEGE OF VIRGINIA
1316295652,Justin W Latimer,VCU HEALTH SYSTEM DBA MEDICAL COLLEGE OF VIRGINIA
1194829531,Suzanne R Lavoie,VCU HEALTH SYSTEM DBA MEDICAL COLLEGE OF VIRGINIA
1457318693,Brett M Law,VCU HEALTH SYSTEM DBA MEDICAL COLLEGE OF VIRGINIA
1598930182,Barbara D Lawson,VCU HEALTH SYSTEM DBA MEDICAL COLLEGE OF VIRGINIA
1841458700,Tamara D Lawson,VCU HEALTH SYSTEM DBA MEDICAL COLLEGE OF VIRGINIA
1558708495,Hanh K Le,VCU HEALTH SYSTEM DBA MEDICAL COLLEGE OF VIRGINIA
1679770432,Trang N Le,VCU HEALTH SYSTEM DBA MEDICAL COLLEGE OF VIRGINIA
1740541150,Johnchuong Q Le,VCU HEALTH SYSTEM DBA MEDICAL COLLEGE OF VIRGINIA
1750511556,Brian Q Le,VCU HEALTH SYSTEM DBA MEDICAL COLLEGE OF VIRGINIA
1275644239,Courtenay E Leahman,VCU HEALTH SYSTEM DBA MEDICAL COLLEGE OF VIRGINIA
1275570988,Hannah M Lee,VCU HEALTH SYSTEM DBA MEDICAL COLLEGE OF VIRGINIA
1326152588,Bennett B Lee,VCU HEALTH SYSTEM DBA MEDICAL COLLEGE OF VIRGINIA
1376784314,Peter M Lee,VCU HEALTH SYSTEM DBA MEDICAL COLLEGE OF VIRGINIA
1457378093,Clifton C Lee,VCU HEALTH SYSTEM DBA MEDICAL COLLEGE OF VIRGINIA
1639332752,Thomas S Lee,VCU HEALTH SYSTEM DBA MEDICAL COLLEGE OF VIRGINIA
1699091512,Jay U Lee,VCU HEALTH SYSTEM DBA MEDICAL COLLEGE OF VIRGINIA
1942566443,Christopher Lee,VCU HEALTH SYSTEM DBA MEDICAL COLLEGE OF VIRGINIA
1063460707,Christopher T Leffler,VCU HEALTH SYSTEM DBA MEDICAL COLLEGE OF VIRGINIA
1063585164,Samuel Leibovici,VCU HEALTH SYSTEM DBA MEDICAL COLLEGE OF VIRGINIA
1700028172,Stefan W Leichtle,VCU HEALTH SYSTEM DBA MEDICAL COLLEGE OF VIRGINIA
1407275811,Charles D Leiner,VCU HEALTH SYSTEM DBA MEDICAL COLLEGE OF VIRGINIA
1548707367,Hannah L Leist,VCU HEALTH SYSTEM DBA MEDICAL COLLEGE OF VIRGINIA
1851680052,Megan S Lemay,VCU HEALTH SYSTEM DBA MEDICAL COLLEGE OF VIRGINIA
1740324789,Latrina C Lemon,VCU HEALTH SYSTEM DBA MEDICAL COLLEGE OF VIRGINIA
1316949290,Joi M Lenczowski,VCU HEALTH SYSTEM DBA MEDICAL COLLEGE OF VIRGINIA
1114069184,Edward J Lesnefsky,VCU HEALTH SYSTEM DBA MEDICAL COLLEGE OF VIRGINIA
1538240759,James L Levenson,VCU HEALTH SYSTEM DBA MEDICAL COLLEGE OF VIRGINIA
1114957164,Marlon F Levy,VCU HEALTH SYSTEM DBA MEDICAL COLLEGE OF VIRGINIA
1821193921,Mark M Levy,VCU HEALTH SYSTEM DBA MEDICAL COLLEGE OF VIRGINIA
1255381794,Raymond C Lewandowski,VCU HEALTH SYSTEM DBA MEDICAL COLLEGE OF VIRGINIA
1043446115,Nathan J Lewis,VCU HEALTH SYSTEM DBA MEDICAL COLLEGE OF VIRGINIA
1881013563,Michael J Lheureux,VCU HEALTH SYSTEM DBA MEDICAL COLLEGE OF VIRGINIA
1871770024,Spencer T Liebman,VCU HEALTH SYSTEM DBA MEDICAL COLLEGE OF VIRGINIA
1881031839,Kristin A Liebrecht,VCU HEALTH SYSTEM DBA MEDICAL COLLEGE OF VIRGINIA
1326336793,Dwayne Likens,VCU HEALTH SYSTEM DBA MEDICAL COLLEGE OF VIRGINIA
1871854455,Aaron C Lim,VCU HEALTH SYSTEM DBA MEDICAL COLLEGE OF VIRGINIA
1952414179,Lilian E Lim,VCU HEALTH SYSTEM DBA MEDICAL COLLEGE OF VIRGINIA
1740361922,Steven R Liner,VCU HEALTH SYSTEM DBA MEDICAL COLLEGE OF VIRGINIA
1770570657,Thokozeni M Lipato,VCU HEALTH SYSTEM DBA MEDICAL COLLEGE OF VIRGINIA
1487614921,Kenneth A Lipshy,VCU HEALTH SYSTEM DBA MEDICAL COLLEGE OF VIRGINIA
1508973538,David A Listello,VCU HEALTH SYSTEM DBA MEDICAL COLLEGE OF VIRGINIA
1942273305,Paul V Liszka,VCU HEALTH SYSTEM DBA MEDICAL COLLEGE OF VIRGINIA
1447302666,Amon Y Liu,VCU HEALTH SYSTEM DBA MEDICAL COLLEGE OF VIRGINIA
1013001643,Christine H Llewellyn,VCU HEALTH SYSTEM DBA MEDICAL COLLEGE OF VIRGINIA
1083789960,Megan M Lo,VCU HEALTH SYSTEM DBA MEDICAL COLLEGE OF VIRGINIA
1427141316,Thomas P Loughran,VCU HEALTH SYSTEM DBA MEDICAL COLLEGE OF VIRGINIA
1275953283,Amir K Louka,VCU HEALTH SYSTEM DBA MEDICAL COLLEGE OF VIRGINIA
1548680556,Stephanie K Louka,VCU HEALTH SYSTEM DBA MEDICAL COLLEGE OF VIRGINIA
1184609083,Richard S Lucidi,VCU HEALTH SYSTEM DBA MEDICAL COLLEGE OF VIRGINIA
1972553089,Steven E Lucking,VCU HEALTH SYSTEM DBA MEDICAL COLLEGE OF VIRGINIA
1114943644,Raphael C Lui,VCU HEALTH SYSTEM DBA MEDICAL COLLEGE OF VIRGINIA
1952556805,David W Lui,VCU HEALTH SYSTEM DBA MEDICAL COLLEGE OF VIRGINIA
1811081128,Velimir A Luketic,VCU HEALTH SYSTEM DBA MEDICAL COLLEGE OF VIRGINIA
1124146501,Daniel P Luppens,VCU HEALTH SYSTEM DBA MEDICAL COLLEGE OF VIRGINIA
1821201039,Mark A Lutterbie,VCU HEALTH SYSTEM DBA MEDICAL COLLEGE OF VIRGINIA
1750397758,Patricia O Macfarlane,VCU HEALTH SYSTEM DBA MEDICAL COLLEGE OF VIRGINIA
1295944288,Theofilos Machinis,VCU HEALTH SYSTEM DBA MEDICAL COLLEGE OF VIRGINIA
1598188682,Erin K Macmillan,VCU HEALTH SYSTEM DBA MEDICAL COLLEGE OF VIRGINIA
1770895690,Shweta Majhi,VCU HEALTH SYSTEM DBA MEDICAL COLLEGE OF VIRGINIA
1023226743,Rajiv Malhotra,VCU HEALTH SYSTEM DBA MEDICAL COLLEGE OF VIRGINIA
1174835557,Manpreet S Malik,VCU HEALTH SYSTEM DBA MEDICAL COLLEGE OF VIRGINIA
1851344584,Mark G Malkin,VCU HEALTH SYSTEM DBA MEDICAL COLLEGE OF VIRGINIA
1285071118,Nada Mallick,VCU HEALTH SYSTEM DBA MEDICAL COLLEGE OF VIRGINIA
1033493267,Kanhere M Mansimukund,VCU HEALTH SYSTEM DBA MEDICAL COLLEGE OF VIRGINIA
1669644001,Tammy J Mantzouris,VCU HEALTH SYSTEM DBA MEDICAL COLLEGE OF VIRGINIA
1184036311,Amr Marawan,VCU HEALTH SYSTEM DBA MEDICAL COLLEGE OF VIRGINIA
1952376402,David E Marcello,VCU HEALTH SYSTEM DBA MEDICAL COLLEGE OF VIRGINIA
1083051148,Catherine J Marcelo,VCU HEALTH SYSTEM DBA MEDICAL COLLEGE OF VIRGINIA
1700223872,Carolyn J Marcelo,VCU HEALTH SYSTEM DBA MEDICAL COLLEGE OF VIRGINIA
1942274923,Amadeo Marcos,VCU HEALTH SYSTEM DBA MEDICAL COLLEGE OF VIRGINIA
1275741274,Mark A Marinello,VCU HEALTH SYSTEM DBA MEDICAL COLLEGE OF VIRGINIA
1811906118,Philip A Marino,VCU HEALTH SYSTEM DBA MEDICAL COLLEGE OF VIRGINIA
1851552087,Roshanak R Markley,VCU HEALTH SYSTEM DBA MEDICAL COLLEGE OF VIRGINIA
1508860594,Timothy J Marqueen,VCU HEALTH SYSTEM DBA MEDICAL COLLEGE OF VIRGINIA
1558351924,Wayne K Marshall,VCU HEALTH SYSTEM DBA MEDICAL COLLEGE OF VIRGINIA
1700980141,Beth C Marshall,VCU HEALTH SYSTEM DBA MEDICAL COLLEGE OF VIRGINIA
1326319625,Caitlin E Martin,VCU HEALTH SYSTEM DBA MEDICAL COLLEGE OF VIRGINIA
1437186558,David F Martin,VCU HEALTH SYSTEM DBA MEDICAL COLLEGE OF VIRGINIA
1588982227,Christin N Martino,VCU HEALTH SYSTEM DBA MEDICAL COLLEGE OF VIRGINIA
1699741934,Christopher C Mascia,VCU HEALTH SYSTEM DBA MEDICAL COLLEGE OF VIRGINIA
1063527323,Gita V Massey,VCU HEALTH SYSTEM DBA MEDICAL COLLEGE OF VIRGINIA
1366460735,Hugh D Massey,VCU HEALTH SYSTEM DBA MEDICAL COLLEGE OF VIRGINIA
1215967286,Heather S Masters,VCU HEALTH SYSTEM DBA MEDICAL COLLEGE OF VIRGINIA
1932465812,Jon S Mather,VCU HEALTH SYSTEM DBA MEDICAL COLLEGE OF VIRGINIA
1225171234,Scott C Matherly,VCU HEALTH SYSTEM DBA MEDICAL COLLEGE OF VIRGINIA
1518903491,Bruce E Mathern,VCU HEALTH SYSTEM DBA MEDICAL COLLEGE OF VIRGINIA
1679885248,Kanupriya Mathur,VCU HEALTH SYSTEM DBA MEDICAL COLLEGE OF VIRGINIA
1952375891,Khalid Matin,VCU HEALTH SYSTEM DBA MEDICAL COLLEGE OF VIRGINIA
1396066916,Diana C Matteo,VCU HEALTH SYSTEM DBA MEDICAL COLLEGE OF VIRGINIA
1174594535,Norma J Maxvold,VCU HEALTH SYSTEM DBA MEDICAL COLLEGE OF VIRGINIA
1154547669,Stephanie B Mayer,VCU HEALTH SYSTEM DBA MEDICAL COLLEGE OF VIRGINIA
1538503826,Jordan Mayer,VCU HEALTH SYSTEM DBA MEDICAL COLLEGE OF VIRGINIA
1073603627,John M Mccarty,VCU HEALTH SYSTEM DBA MEDICAL COLLEGE OF VIRGINIA
1144526153,Andrew S Mcgowan,VCU HEALTH SYSTEM DBA MEDICAL COLLEGE OF VIRGINIA
1477578839,James P Mcgowan,VCU HEALTH SYSTEM DBA MEDICAL COLLEGE OF VIRGINIA
1841269222,William P Mcguire,VCU HEALTH SYSTEM DBA MEDICAL COLLEGE OF VIRGINIA
1891896007,Kandace P Mcguire,VCU HEALTH SYSTEM DBA MEDICAL COLLEGE OF VIRGINIA
1881784437,Georgia N Mcintosh,VCU HEALTH SYSTEM DBA MEDICAL COLLEGE OF VIRGINIA
1073617411,Sean O Mckenna,VCU HEALTH SYSTEM DBA MEDICAL COLLEGE OF VIRGINIA
1932124336,William O Mckinley,VCU HEALTH SYSTEM DBA MEDICAL COLLEGE OF VIRGINIA
1346416468,Patrick M Mclaughlin,VCU HEALTH SYSTEM DBA MEDICAL COLLEGE OF VIRGINIA
1073066817,Jennifer A Mcleod,VCU HEALTH SYSTEM DBA MEDICAL COLLEGE OF VIRGINIA
1114966553,Bradford R Mcquilkin,VCU HEALTH SYSTEM DBA MEDICAL COLLEGE OF VIRGINIA
1972730414,William H Mcrae,VCU HEALTH SYSTEM DBA MEDICAL COLLEGE OF VIRGINIA
1669680336,Evan M Meadors,VCU HEALTH SYSTEM DBA MEDICAL COLLEGE OF VIRGINIA
1104117753,Sara H Mears,VCU HEALTH SYSTEM DBA MEDICAL COLLEGE OF VIRGINIA
1104057900,Prachi Mehndiratta,VCU HEALTH SYSTEM DBA MEDICAL COLLEGE OF VIRGINIA
1710248281,Pete D Meliagros,VCU HEALTH SYSTEM DBA MEDICAL COLLEGE OF VIRGINIA
1114037751,Linda D Meloy,VCU HEALTH SYSTEM DBA MEDICAL COLLEGE OF VIRGINIA
1447362413,Gaetano M Menna,VCU HEALTH SYSTEM DBA MEDICAL COLLEGE OF VIRGINIA
1346656907,Alex A Mensah,VCU HEALTH SYSTEM DBA MEDICAL COLLEGE OF VIRGINIA
1497797484,Robert L Meredith,VCU HEALTH SYSTEM DBA MEDICAL COLLEGE OF VIRGINIA
1407945603,Simon J Mest,VCU HEALTH SYSTEM DBA MEDICAL COLLEGE OF VIRGINIA
1265679112,Natalie J Meulenberg,VCU HEALTH SYSTEM DBA MEDICAL COLLEGE OF VIRGINIA
1245553411,Pamela A Mickell,VCU HEALTH SYSTEM DBA MEDICAL COLLEGE OF VIRGINIA
1578806873,Jonathan A Mihnovets,VCU HEALTH SYSTEM DBA MEDICAL COLLEGE OF VIRGINIA
1659327989,Daniel A Millan,VCU HEALTH SYSTEM DBA MEDICAL COLLEGE OF VIRGINIA
1154416527,Kathleen H Miller,VCU HEALTH SYSTEM DBA MEDICAL COLLEGE OF VIRGINIA
1386905958,Rebecca E Miller,VCU HEALTH SYSTEM DBA MEDICAL COLLEGE OF VIRGINIA
1508074121,Kristin B Miller,VCU HEALTH SYSTEM DBA MEDICAL COLLEGE OF VIRGINIA
1619985926,Thomas W Miller,VCU HEALTH SYSTEM DBA MEDICAL COLLEGE OF VIRGINIA
1841583762,Stephen M Miller,VCU HEALTH SYSTEM DBA MEDICAL COLLEGE OF VIRGINIA
1487868626,Nikki M Millerferguson,VCU HEALTH SYSTEM DBA MEDICAL COLLEGE OF VIRGINIA
1467688929,Sarah H Milton,VCU HEALTH SYSTEM DBA MEDICAL COLLEGE OF VIRGINIA
1053577411,Vimal K Mishra,VCU HEALTH SYSTEM DBA MEDICAL COLLEGE OF VIRGINIA
1770878464,Mark C Mochel,VCU HEALTH SYSTEM DBA MEDICAL COLLEGE OF VIRGINIA
1497048698,Sarika S Modi,VCU HEALTH SYSTEM DBA MEDICAL COLLEGE OF VIRGINIA
1154520609,Peter M Moffett,VCU HEALTH SYSTEM DBA MEDICAL COLLEGE OF VIRGINIA
1669538443,Drew Moghanaki,VCU HEALTH SYSTEM DBA MEDICAL COLLEGE OF VIRGINIA
1902125305,Tazuddin A Mohammed,VCU HEALTH SYSTEM DBA MEDICAL COLLEGE OF VIRGINIA
1285802348,Irfan A Moinuddin,VCU HEALTH SYSTEM DBA MEDICAL COLLEGE OF VIRGINIA
1164406823,Joel L Moll,VCU HEALTH SYSTEM DBA MEDICAL COLLEGE OF VIRGINIA
1750306577,Eugenio A Monasterio,VCU HEALTH SYSTEM DBA MEDICAL COLLEGE OF VIRGINIA
1164873493,Christine A Mooney,VCU HEALTH SYSTEM DBA MEDICAL COLLEGE OF VIRGINIA
1144250598,James A Moore,VCU HEALTH SYSTEM DBA MEDICAL COLLEGE OF VIRGINIA
1528266350,Jaime E Moore,VCU HEALTH SYSTEM DBA MEDICAL COLLEGE OF VIRGINIA
1457433856,Russell R Moores,VCU HEALTH SYSTEM DBA MEDICAL COLLEGE OF VIRGINIA
1821206467,Gordon S Morano,VCU HEALTH SYSTEM DBA MEDICAL COLLEGE OF VIRGINIA
1598729816,William R Morgan,VCU HEALTH SYSTEM DBA MEDICAL COLLEGE OF VIRGINIA
1972693521,Nalini Morishetty,VCU HEALTH SYSTEM DBA MEDICAL COLLEGE OF VIRGINIA
1811926140,Monica M Morris,VCU HEALTH SYSTEM DBA MEDICAL COLLEGE OF VIRGINIA
1366503476,Joel R Morrissey,VCU HEALTH SYSTEM DBA MEDICAL COLLEGE OF VIRGINIA
1033138698,Lawrence D Morton,VCU HEALTH SYSTEM DBA MEDICAL COLLEGE OF VIRGINIA
1790986172,Jessica R Morton,VCU HEALTH SYSTEM DBA MEDICAL COLLEGE OF VIRGINIA
1962496612,Leslie T Moses,VCU HEALTH SYSTEM DBA MEDICAL COLLEGE OF VIRGINIA
1205946845,William B Moskowitz,VCU HEALTH SYSTEM DBA MEDICAL COLLEGE OF VIRGINIA
1821206400,Varatharaj Mounasamy,VCU HEALTH SYSTEM DBA MEDICAL COLLEGE OF VIRGINIA
1104084896,Andrew D Mowery,VCU HEALTH SYSTEM DBA MEDICAL COLLEGE OF VIRGINIA
1245316934,George F Moxley,VCU HEALTH SYSTEM DBA MEDICAL COLLEGE OF VIRGINIA
1780909085,Kathleen A Moyer,VCU HEALTH SYSTEM DBA MEDICAL COLLEGE OF VIRGINIA
1356669204,Emily K Mullet,VCU HEALTH SYSTEM DBA MEDICAL COLLEGE OF VIRGINIA
1861507881,Rebecca Y Mumpower,VCU HEALTH SYSTEM DBA MEDICAL COLLEGE OF VIRGINIA
1033111844,Jose L Munoz,VCU HEALTH SYSTEM DBA MEDICAL COLLEGE OF VIRGINIA
1477554103,William P Murphy,VCU HEALTH SYSTEM DBA MEDICAL COLLEGE OF VIRGINIA
1356548788,Jennifer L Myers,VCU HEALTH SYSTEM DBA MEDICAL COLLEGE OF VIRGINIA
1952389009,Wendell S Myers,VCU HEALTH SYSTEM DBA MEDICAL COLLEGE OF VIRGINIA
1184821480,Soundarya N Nagarajagowda,VCU HEALTH SYSTEM DBA MEDICAL COLLEGE OF VIRGINIA
1164490850,Gayathri V Nair,VCU HEALTH SYSTEM DBA MEDICAL COLLEGE OF VIRGINIA
1326132648,Mitsuru Nakatsuka,VCU HEALTH SYSTEM DBA MEDICAL COLLEGE OF VIRGINIA
1588897094,Bimota Nambam,VCU HEALTH SYSTEM DBA MEDICAL COLLEGE OF VIRGINIA
1184633315,Serge P Nana-Sinkam,VCU HEALTH SYSTEM DBA MEDICAL COLLEGE OF VIRGINIA
1124111596,Jay L Napoleon,VCU HEALTH SYSTEM DBA MEDICAL COLLEGE OF VIRGINIA
1497840995,Lakshmana D Narla,VCU HEALTH SYSTEM DBA MEDICAL COLLEGE OF VIRGINIA
1326146366,Naveed A Naz,VCU HEALTH SYSTEM DBA MEDICAL COLLEGE OF VIRGINIA
1346323417,James P Neifeld,VCU HEALTH SYSTEM DBA MEDICAL COLLEGE OF VIRGINIA
1033202403,Mark T Nelson,VCU HEALTH SYSTEM DBA MEDICAL COLLEGE OF VIRGINIA
1417089491,Bergen B Nelson,VCU HEALTH SYSTEM DBA MEDICAL COLLEGE OF VIRGINIA
1780890806,Amy R Nelson,VCU HEALTH SYSTEM DBA MEDICAL COLLEGE OF VIRGINIA
1922200906,Eric D Nelson,VCU HEALTH SYSTEM DBA MEDICAL COLLEGE OF VIRGINIA
1639269285,John E Nestler,VCU HEALTH SYSTEM DBA MEDICAL COLLEGE OF VIRGINIA
1912235409,Katherine L Neuhausen,VCU HEALTH SYSTEM DBA MEDICAL COLLEGE OF VIRGINIA
1063691145,Jennifer S Newlin,VCU HEALTH SYSTEM DBA MEDICAL COLLEGE OF VIRGINIA
1467711614,Vu T Nguyen,VCU HEALTH SYSTEM DBA MEDICAL COLLEGE OF VIRGINIA
1366520652,Patricia A Nicolato,VCU HEALTH SYSTEM DBA MEDICAL COLLEGE OF VIRGINIA
1255417291,Daniel E Nixon,VCU HEALTH SYSTEM DBA MEDICAL COLLEGE OF VIRGINIA
1053405373,Jason G Noble,VCU HEALTH SYSTEM DBA MEDICAL COLLEGE OF VIRGINIA
1245344910,Robert E Noble,VCU HEALTH SYSTEM DBA MEDICAL COLLEGE OF VIRGINIA
1669700795,Larry K Nolan,VCU HEALTH SYSTEM DBA MEDICAL COLLEGE OF VIRGINIA
1295025328,Ryan S Nord,VCU HEALTH SYSTEM DBA MEDICAL COLLEGE OF VIRGINIA
1487628848,Danielle M Noreika,VCU HEALTH SYSTEM DBA MEDICAL COLLEGE OF VIRGINIA
1194793844,Kevin G Norwood,VCU HEALTH SYSTEM DBA MEDICAL COLLEGE OF VIRGINIA
1609195650,Mark W Notley,VCU HEALTH SYSTEM DBA MEDICAL COLLEGE OF VIRGINIA
1346568227,Michael K Novick,VCU HEALTH SYSTEM DBA MEDICAL COLLEGE OF VIRGINIA
1295170843,Maliha Y Nowrouz,VCU HEALTH SYSTEM DBA MEDICAL COLLEGE OF VIRGINIA
1285669556,Julia R Nunley,VCU HEALTH SYSTEM DBA MEDICAL COLLEGE OF VIRGINIA
1578875100,Fnu Nutan,VCU HEALTH SYSTEM DBA MEDICAL COLLEGE OF VIRGINIA
1194874172,Cynthia I Nwokeukuaustin,VCU HEALTH SYSTEM DBA MEDICAL COLLEGE OF VIRGINIA
1083973374,Ryan T Oconnell,VCU HEALTH SYSTEM DBA MEDICAL COLLEGE OF VIRGINIA
1124002894,Nan G Oconnell,VCU HEALTH SYSTEM DBA MEDICAL COLLEGE OF VIRGINIA
1982654547,Philip P Odonnell,VCU HEALTH SYSTEM DBA MEDICAL COLLEGE OF VIRGINIA
1760898589,Eziafa I Oduah,VCU HEALTH SYSTEM DBA MEDICAL COLLEGE OF VIRGINIA
1902043490,Obiora J Ofole,VCU HEALTH SYSTEM DBA MEDICAL COLLEGE OF VIRGINIA
1205884137,Ayodele O Ogunremi,VCU HEALTH SYSTEM DBA MEDICAL COLLEGE OF VIRGINIA
1235391293,Unsong Oh,VCU HEALTH SYSTEM DBA MEDICAL COLLEGE OF VIRGINIA
1427049113,Claudio Oiticica,VCU HEALTH SYSTEM DBA MEDICAL COLLEGE OF VIRGINIA
1609856566,Eniola A Okelana,VCU HEALTH SYSTEM DBA MEDICAL COLLEGE OF VIRGINIA
1902210438,Cynthia M Oliva,VCU HEALTH SYSTEM DBA MEDICAL COLLEGE OF VIRGINIA
1265708861,Michelle L Olson,VCU HEALTH SYSTEM DBA MEDICAL COLLEGE OF VIRGINIA
1821272576,Alia M Omeara,VCU HEALTH SYSTEM DBA MEDICAL COLLEGE OF VIRGINIA
1831419597,Christopher A Oneill,VCU HEALTH SYSTEM DBA MEDICAL COLLEGE OF VIRGINIA
1548553076,Kenichiro Ono,VCU HEALTH SYSTEM DBA MEDICAL COLLEGE OF VIRGINIA
1669676243,Jacob K Oommen,VCU HEALTH SYSTEM DBA MEDICAL COLLEGE OF VIRGINIA
1447331632,Joseph P Ornato,VCU HEALTH SYSTEM DBA MEDICAL COLLEGE OF VIRGINIA
1568882769,Astrid R Overholt,VCU HEALTH SYSTEM DBA MEDICAL COLLEGE OF VIRGINIA
1750631867,Zakiya S Owens,VCU HEALTH SYSTEM DBA MEDICAL COLLEGE OF VIRGINIA
1295114866,Gordon Mckinstry Pace,VCU HEALTH SYSTEM DBA MEDICAL COLLEGE OF VIRGINIA
1144456930,Santosh K Padala,VCU HEALTH SYSTEM DBA MEDICAL COLLEGE OF VIRGINIA
1013934637,Deron O Page,VCU HEALTH SYSTEM DBA MEDICAL COLLEGE OF VIRGINIA
1790942050,Meera Pahuja,VCU HEALTH SYSTEM DBA MEDICAL COLLEGE OF VIRGINIA
1902057318,Nirvik Pal,VCU HEALTH SYSTEM DBA MEDICAL COLLEGE OF VIRGINIA
1427260801,Laura E Paletta,VCU HEALTH SYSTEM DBA MEDICAL COLLEGE OF VIRGINIA
1669451860,Catherine L Palmer,VCU HEALTH SYSTEM DBA MEDICAL COLLEGE OF VIRGINIA
1609283969,Sravanthi Paluri,VCU HEALTH SYSTEM DBA MEDICAL COLLEGE OF VIRGINIA
1942234497,William M Pandak,VCU HEALTH SYSTEM DBA MEDICAL COLLEGE OF VIRGINIA
1225073620,Deborah I Panebianco,VCU HEALTH SYSTEM DBA MEDICAL COLLEGE OF VIRGINIA
1215080007,Christopher E Paoloni,VCU HEALTH SYSTEM DBA MEDICAL COLLEGE OF VIRGINIA
1851558084,Norman A Paradis,VCU HEALTH SYSTEM DBA MEDICAL COLLEGE OF VIRGINIA
1588957955,Allison B Pariyadath,VCU HEALTH SYSTEM DBA MEDICAL COLLEGE OF VIRGINIA
1407895188,Suzie C Park,VCU HEALTH SYSTEM DBA MEDICAL COLLEGE OF VIRGINIA
1689015562,Tae S Park,VCU HEALTH SYSTEM DBA MEDICAL COLLEGE OF VIRGINIA
1609962141,Mark S Parker,VCU HEALTH SYSTEM DBA MEDICAL COLLEGE OF VIRGINIA
1386624567,Eric C Parlette,VCU HEALTH SYSTEM DBA MEDICAL COLLEGE OF VIRGINIA
1235366972,Vaishali B Patel,VCU HEALTH SYSTEM DBA MEDICAL COLLEGE OF VIRGINIA
1407159734,Jaideep Patel,VCU HEALTH SYSTEM DBA MEDICAL COLLEGE OF VIRGINIA
1467748244,Anish S Patel,VCU HEALTH SYSTEM DBA MEDICAL COLLEGE OF VIRGINIA
1487862934,Shejal B Patel,VCU HEALTH SYSTEM DBA MEDICAL COLLEGE OF VIRGINIA
1518970474,Bhaumik B Patel,VCU HEALTH SYSTEM DBA MEDICAL COLLEGE OF VIRGINIA
1558598417,Tejas T Patel,VCU HEALTH SYSTEM DBA MEDICAL COLLEGE OF VIRGINIA
1649410671,Kashyap V Patel,VCU HEALTH SYSTEM DBA MEDICAL COLLEGE OF VIRGINIA
1790006609,Rupal M Patel,VCU HEALTH SYSTEM DBA MEDICAL COLLEGE OF VIRGINIA
1851525729,Seema K Patel,VCU HEALTH SYSTEM DBA MEDICAL COLLEGE OF VIRGINIA
1942273602,Bhavesh M Patel,VCU HEALTH SYSTEM DBA MEDICAL COLLEGE OF VIRGINIA
1992181895,Nirav K Patel,VCU HEALTH SYSTEM DBA MEDICAL COLLEGE OF VIRGINIA
1740474121,Vikas Pathak,VCU HEALTH SYSTEM DBA MEDICAL COLLEGE OF VIRGINIA
1811947369,Satish K Pathak,VCU HEALTH SYSTEM DBA MEDICAL COLLEGE OF VIRGINIA
1124277645,Asit K Paul,VCU HEALTH SYSTEM DBA MEDICAL COLLEGE OF VIRGINIA
1356532733,Christine E Paul,VCU HEALTH SYSTEM DBA MEDICAL COLLEGE OF VIRGINIA
1548350192,Walter H Paulsen,VCU HEALTH SYSTEM DBA MEDICAL COLLEGE OF VIRGINIA
1033118260,Jay P Pavan,VCU HEALTH SYSTEM DBA MEDICAL COLLEGE OF VIRGINIA
1023300944,Kathleen T Pearson,VCU HEALTH SYSTEM DBA MEDICAL COLLEGE OF VIRGINIA
1528158177,Mary A Peberdy,VCU HEALTH SYSTEM DBA MEDICAL COLLEGE OF VIRGINIA
1437367992,Kimberly S Pedram,VCU HEALTH SYSTEM DBA MEDICAL COLLEGE OF VIRGINIA
1689687113,Sammy Pedram,VCU HEALTH SYSTEM DBA MEDICAL COLLEGE OF VIRGINIA
1598846123,Carolyn A Peel,VCU HEALTH SYSTEM DBA MEDICAL COLLEGE OF VIRGINIA
1497845895,Melinda M Penn,VCU HEALTH SYSTEM DBA MEDICAL COLLEGE OF VIRGINIA
1700195104,Paul W Perdue,VCU HEALTH SYSTEM DBA MEDICAL COLLEGE OF VIRGINIA
1790986198,Elizabeth A Perdue,VCU HEALTH SYSTEM DBA MEDICAL COLLEGE OF VIRGINIA
1073004255,Sara Perez,VCU HEALTH SYSTEM DBA MEDICAL COLLEGE OF VIRGINIA
1154411700,Edward B Perkins,VCU HEALTH SYSTEM DBA MEDICAL COLLEGE OF VIRGINIA
1427075852,Jay A Perman,VCU HEALTH SYSTEM DBA MEDICAL COLLEGE OF VIRGINIA
1225159049,Rajanya S Petersson,VCU HEALTH SYSTEM DBA MEDICAL COLLEGE OF VIRGINIA
1578519526,Frank D Petruzella,VCU HEALTH SYSTEM DBA MEDICAL COLLEGE OF VIRGINIA
1477799773,Carlton H Petty,VCU HEALTH SYSTEM DBA MEDICAL COLLEGE OF VIRGINIA
1346561313,Elizabeth Vu Phan,VCU HEALTH SYSTEM DBA MEDICAL COLLEGE OF VIRGINIA
1861610339,Giao Q Phan,VCU HEALTH SYSTEM DBA MEDICAL COLLEGE OF VIRGINIA
1891084992,Giancarlo E Pierantoni,VCU HEALTH SYSTEM DBA MEDICAL COLLEGE OF VIRGINIA
1538423165,Raghavendra Pillappa,VCU HEALTH SYSTEM DBA MEDICAL COLLEGE OF VIRGINIA
1891242541,Madelena H Pimentel,VCU HEALTH SYSTEM DBA MEDICAL COLLEGE OF VIRGINIA
1891885448,Andy G Pinson,VCU HEALTH SYSTEM DBA MEDICAL COLLEGE OF VIRGINIA
1245548841,Usman G Piracha,VCU HEALTH SYSTEM DBA MEDICAL COLLEGE OF VIRGINIA
1427373539,Michael E Pitzer,VCU HEALTH SYSTEM DBA MEDICAL COLLEGE OF VIRGINIA
1811935133,Ricky J Placide,VCU HEALTH SYSTEM DBA MEDICAL COLLEGE OF VIRGINIA
1023156585,Joan Plotkin Plotkinhan,VCU HEALTH SYSTEM DBA MEDICAL COLLEGE OF VIRGINIA
1356550800,Andrew S Poklepovic,VCU HEALTH SYSTEM DBA MEDICAL COLLEGE OF VIRGINIA
1871536557,Michael S Porrazzo,VCU HEALTH SYSTEM DBA MEDICAL COLLEGE OF VIRGINIA
1912936154,John E Port,VCU HEALTH SYSTEM DBA MEDICAL COLLEGE OF VIRGINIA
1497199327,Kenneth F Potter,VCU HEALTH SYSTEM DBA MEDICAL COLLEGE OF VIRGINIA
1134516891,Samuel P Powell,VCU HEALTH SYSTEM DBA MEDICAL COLLEGE OF VIRGINIA
1679993075,Rachel P Powell,VCU HEALTH SYSTEM DBA MEDICAL COLLEGE OF VIRGINIA
1992721179,Celeste N Powers,VCU HEALTH SYSTEM DBA MEDICAL COLLEGE OF VIRGINIA
1992807598,Andrea L Pozez,VCU HEALTH SYSTEM DBA MEDICAL COLLEGE OF VIRGINIA
1104235308,Shanti K Pradhan,VCU HEALTH SYSTEM DBA MEDICAL COLLEGE OF VIRGINIA
1659785855,Manish Pradhan,VCU HEALTH SYSTEM DBA MEDICAL COLLEGE OF VIRGINIA
1912906124,Karanvir Prakash,VCU HEALTH SYSTEM DBA MEDICAL COLLEGE OF VIRGINIA
1215022728,Uma R Prasad,VCU HEALTH SYSTEM DBA MEDICAL COLLEGE OF VIRGINIA
1104913540,Burton A Presberg,VCU HEALTH SYSTEM DBA MEDICAL COLLEGE OF VIRGINIA
1730168279,Rhonda M Pridgeon,VCU HEALTH SYSTEM DBA MEDICAL COLLEGE OF VIRGINIA
1548423213,Levi D Procter,VCU HEALTH SYSTEM DBA MEDICAL COLLEGE OF VIRGINIA
1063732709,Christopher R Pruitt,VCU HEALTH SYSTEM DBA MEDICAL COLLEGE OF VIRGINIA
1508073859,Puneet Puri,VCU HEALTH SYSTEM DBA MEDICAL COLLEGE OF VIRGINIA
1013968627,Rehan Qayyum,VCU HEALTH SYSTEM DBA MEDICAL COLLEGE OF VIRGINIA
1588768105,Mohammed A Quader,VCU HEALTH SYSTEM DBA MEDICAL COLLEGE OF VIRGINIA
1790982148,Brenda A Queen,VCU HEALTH SYSTEM DBA MEDICAL COLLEGE OF VIRGINIA
1962448886,Abu A Qutubuddin,VCU HEALTH SYSTEM DBA MEDICAL COLLEGE OF VIRGINIA
1740416452,Kathryn M Rackson,VCU HEALTH SYSTEM DBA MEDICAL COLLEGE OF VIRGINIA
1427173343,Daniel C Raible,VCU HEALTH SYSTEM DBA MEDICAL COLLEGE OF VIRGINIA
1821226655,Nouhad Raissouni,VCU HEALTH SYSTEM DBA MEDICAL COLLEGE OF VIRGINIA
1568758381,Shanthi S Ramesh,VCU HEALTH SYSTEM DBA MEDICAL COLLEGE OF VIRGINIA
1144616905,Laura R Ramsey,VCU HEALTH SYSTEM DBA MEDICAL COLLEGE OF VIRGINIA
1740374586,Ronald M Ramus,VCU HEALTH SYSTEM DBA MEDICAL COLLEGE OF VIRGINIA
1447487301,Jessica D Randolph,VCU HEALTH SYSTEM DBA MEDICAL COLLEGE OF VIRGINIA
1790877546,Sanjai C Rao,VCU HEALTH SYSTEM DBA MEDICAL COLLEGE OF VIRGINIA
1881894350,Krishnasree K Rao,VCU HEALTH SYSTEM DBA MEDICAL COLLEGE OF VIRGINIA
1467742973,Megan M Rashid,VCU HEALTH SYSTEM DBA MEDICAL COLLEGE OF VIRGINIA
1336381391,David C Ratliff,VCU HEALTH SYSTEM DBA MEDICAL COLLEGE OF VIRGINIA
1790075901,Jillian E Raybould,VCU HEALTH SYSTEM DBA MEDICAL COLLEGE OF VIRGINIA
1407140825,Zahra S Raza,VCU HEALTH SYSTEM DBA MEDICAL COLLEGE OF VIRGINIA
1346528874,Hadie Razjouyan,VCU HEALTH SYSTEM DBA MEDICAL COLLEGE OF VIRGINIA
1740363837,John F Reavey-Cantwell,VCU HEALTH SYSTEM DBA MEDICAL COLLEGE OF VIRGINIA
1518476167,Ivan M Rebeyka,VCU HEALTH SYSTEM DBA MEDICAL COLLEGE OF VIRGINIA
1003923004,Jennifer M Reed,VCU HEALTH SYSTEM DBA MEDICAL COLLEGE OF VIRGINIA
1083961015,Catarina D Regis,VCU HEALTH SYSTEM DBA MEDICAL COLLEGE OF VIRGINIA
1104092899,Trevor W Reichman,VCU HEALTH SYSTEM DBA MEDICAL COLLEGE OF VIRGINIA
1982785176,Renee D Reid,VCU HEALTH SYSTEM DBA MEDICAL COLLEGE OF VIRGINIA
1497825863,Eric V Reinertson,VCU HEALTH SYSTEM DBA MEDICAL COLLEGE OF VIRGINIA
1447208525,Evan R Reiter,VCU HEALTH SYSTEM DBA MEDICAL COLLEGE OF VIRGINIA
1144224908,Evangeline A Reyes,VCU HEALTH SYSTEM DBA MEDICAL COLLEGE OF VIRGINIA
1346471752,Leila Rezai-Gharai,VCU HEALTH SYSTEM DBA MEDICAL COLLEGE OF VIRGINIA
1932392479,Julie E Reznicek,VCU HEALTH SYSTEM DBA MEDICAL COLLEGE OF VIRGINIA
1851581961,Jennifer L Rhodes,VCU HEALTH SYSTEM DBA MEDICAL COLLEGE OF VIRGINIA
1619104908,Hope T Richard,VCU HEALTH SYSTEM DBA MEDICAL COLLEGE OF VIRGINIA
1508178419,Nikisha Q Richards,VCU HEALTH SYSTEM DBA MEDICAL COLLEGE OF VIRGINIA
1598702417,Glenn A Ridenour,VCU HEALTH SYSTEM DBA MEDICAL COLLEGE OF VIRGINIA
1437249943,Fidelma B Rigby,VCU HEALTH SYSTEM DBA MEDICAL COLLEGE OF VIRGINIA
1164639365,Christa L Riley,VCU HEALTH SYSTEM DBA MEDICAL COLLEGE OF VIRGINIA
1184642456,Roger S Riley,VCU HEALTH SYSTEM DBA MEDICAL COLLEGE OF VIRGINIA
1104190925,Norbert J Rios,VCU HEALTH SYSTEM DBA MEDICAL COLLEGE OF VIRGINIA
1275619934,Elizabeth B Ripley,VCU HEALTH SYSTEM DBA MEDICAL COLLEGE OF VIRGINIA
1164535480,William W Ritchie,VCU HEALTH SYSTEM DBA MEDICAL COLLEGE OF VIRGINIA
1437543782,Alexander L Rittenberg,VCU HEALTH SYSTEM DBA MEDICAL COLLEGE OF VIRGINIA
1295813459,Ann M Ritter,VCU HEALTH SYSTEM DBA MEDICAL COLLEGE OF VIRGINIA
1356602882,Evan M Ritter,VCU HEALTH SYSTEM DBA MEDICAL COLLEGE OF VIRGINIA
1831450444,Amanda H Ritter,VCU HEALTH SYSTEM DBA MEDICAL COLLEGE OF VIRGINIA
1063632990,Emily B Rivet,VCU HEALTH SYSTEM DBA MEDICAL COLLEGE OF VIRGINIA
1740260223,Dennis J Rivet,VCU HEALTH SYSTEM DBA MEDICAL COLLEGE OF VIRGINIA
1487652145,Keith M Roberts,VCU HEALTH SYSTEM DBA MEDICAL COLLEGE OF VIRGINIA
1932507340,Laura M Roberts,VCU HEALTH SYSTEM DBA MEDICAL COLLEGE OF VIRGINIA
1245467539,Valentina Robila,VCU HEALTH SYSTEM DBA MEDICAL COLLEGE OF VIRGINIA
1649444761,Alison M Robinette,VCU HEALTH SYSTEM DBA MEDICAL COLLEGE OF VIRGINIA
1700840212,Guilherme M Rochacampos,VCU HEALTH SYSTEM DBA MEDICAL COLLEGE OF VIRGINIA
1760578439,Edgar B Rodas,VCU HEALTH SYSTEM DBA MEDICAL COLLEGE OF VIRGINIA
1245650878,Olivier Y Rolin,VCU HEALTH SYSTEM DBA MEDICAL COLLEGE OF VIRGINIA
1508821695,Kent L Rollins,VCU HEALTH SYSTEM DBA MEDICAL COLLEGE OF VIRGINIA
1275853483,Joseph D Romano,VCU HEALTH SYSTEM DBA MEDICAL COLLEGE OF VIRGINIA
1053339333,Susan D Roseff,VCU HEALTH SYSTEM DBA MEDICAL COLLEGE OF VIRGINIA
1275704306,John T Roseman,VCU HEALTH SYSTEM DBA MEDICAL COLLEGE OF VIRGINIA
1740317411,Joanna B Rosenthal,VCU HEALTH SYSTEM DBA MEDICAL COLLEGE OF VIRGINIA
1598058133,Masey M Ross,VCU HEALTH SYSTEM DBA MEDICAL COLLEGE OF VIRGINIA
1801116371,Jeremy A Ross,VCU HEALTH SYSTEM DBA MEDICAL COLLEGE OF VIRGINIA
1851559371,Alan P Rossi,VCU HEALTH SYSTEM DBA MEDICAL COLLEGE OF VIRGINIA
1588745111,Stephen F Rothemich,VCU HEALTH SYSTEM DBA MEDICAL COLLEGE OF VIRGINIA
1326142761,Henry J Rozycki,VCU HEALTH SYSTEM DBA MEDICAL COLLEGE OF VIRGINIA
1235113317,Bruce K Rubin,VCU HEALTH SYSTEM DBA MEDICAL COLLEGE OF VIRGINIA
1093007726,Lisa A Rubinsak,VCU HEALTH SYSTEM DBA MEDICAL COLLEGE OF VIRGINIA
1346457561,Beth K Rubinstein,VCU HEALTH SYSTEM DBA MEDICAL COLLEGE OF VIRGINIA
1710234943,Kristyn G Rudisill,VCU HEALTH SYSTEM DBA MEDICAL COLLEGE OF VIRGINIA
1235241217,Iolanda R Russo-Menna,VCU HEALTH SYSTEM DBA MEDICAL COLLEGE OF VIRGINIA
1033370481,Michael S Ryan,VCU HEALTH SYSTEM DBA MEDICAL COLLEGE OF VIRGINIA
1104822444,Mark H Ryan,VCU HEALTH SYSTEM DBA MEDICAL COLLEGE OF VIRGINIA
1558331298,Manhal G Saleeby,VCU HEALTH SYSTEM DBA MEDICAL COLLEGE OF VIRGINIA
1902868060,Kimberly S Salkey,VCU HEALTH SYSTEM DBA MEDICAL COLLEGE OF VIRGINIA
1992019178,Jennifer L Salluzzo,VCU HEALTH SYSTEM DBA MEDICAL COLLEGE OF VIRGINIA
1295945673,Jaime K Salvatore,VCU HEALTH SYSTEM DBA MEDICAL COLLEGE OF VIRGINIA
1326489972,Arash Samarghandi,VCU HEALTH SYSTEM DBA MEDICAL COLLEGE OF VIRGINIA
1336104033,Margaret M Sanders,VCU HEALTH SYSTEM DBA MEDICAL COLLEGE OF VIRGINIA
1912957531,Kimberly W Sanford,VCU HEALTH SYSTEM DBA MEDICAL COLLEGE OF VIRGINIA
1528222742,Marie A Sankaranraval,VCU HEALTH SYSTEM DBA MEDICAL COLLEGE OF VIRGINIA
1528150943,Sally A Santen,VCU HEALTH SYSTEM DBA MEDICAL COLLEGE OF VIRGINIA
1629168273,Arun J Sanyal,VCU HEALTH SYSTEM DBA MEDICAL COLLEGE OF VIRGINIA
1821097031,Sharadkumar N Saraiya,VCU HEALTH SYSTEM DBA MEDICAL COLLEGE OF VIRGINIA
1093828253,Ashwini K Sardana,VCU HEALTH SYSTEM DBA MEDICAL COLLEGE OF VIRGINIA
1487859476,Sangeeta R Sastry,VCU HEALTH SYSTEM DBA MEDICAL COLLEGE OF VIRGINIA
1356580435,Jibanananda Satpathy,VCU HEALTH SYSTEM DBA MEDICAL COLLEGE OF VIRGINIA
1780882241,Jeremy T Sauer,VCU HEALTH SYSTEM DBA MEDICAL COLLEGE OF VIRGINIA
1528475175,Amrut Savadkar,VCU HEALTH SYSTEM DBA MEDICAL COLLEGE OF VIRGINIA
1376834523,Sadia Sayeed,VCU HEALTH SYSTEM DBA MEDICAL COLLEGE OF VIRGINIA
1346479904,Tiziano M Scarabelli,VCU HEALTH SYSTEM DBA MEDICAL COLLEGE OF VIRGINIA
1932529807,Aaron M Schatz,VCU HEALTH SYSTEM DBA MEDICAL COLLEGE OF VIRGINIA
1831138130,Michael S Schechter,VCU HEALTH SYSTEM DBA MEDICAL COLLEGE OF VIRGINIA
1477873735,Matthew R Schefft,VCU HEALTH SYSTEM DBA MEDICAL COLLEGE OF VIRGINIA
1770693913,Jonathan I Scheinman,VCU HEALTH SYSTEM DBA MEDICAL COLLEGE OF VIRGINIA
1477754885,Robert S Schmidt,VCU HEALTH SYSTEM DBA MEDICAL COLLEGE OF VIRGINIA
1851484224,Howard J Schmidt,VCU HEALTH SYSTEM DBA MEDICAL COLLEGE OF VIRGINIA
1366427577,Edmund D Schoeffler,VCU HEALTH SYSTEM DBA MEDICAL COLLEGE OF VIRGINIA
1114961893,Virginia C Schreiner,VCU HEALTH SYSTEM DBA MEDICAL COLLEGE OF VIRGINIA
1487701207,Theodore A Schuman,VCU HEALTH SYSTEM DBA MEDICAL COLLEGE OF VIRGINIA
1629393186,Matthew E Schutzer,VCU HEALTH SYSTEM DBA MEDICAL COLLEGE OF VIRGINIA
1508955659,Lawrence B Schwartz,VCU HEALTH SYSTEM DBA MEDICAL COLLEGE OF VIRGINIA
1184683526,Seth J Schweitzer,VCU HEALTH SYSTEM DBA MEDICAL COLLEGE OF VIRGINIA
1205867041,Michelle R Scott,VCU HEALTH SYSTEM DBA MEDICAL COLLEGE OF VIRGINIA
1396293791,Michael J Scott,VCU HEALTH SYSTEM DBA MEDICAL COLLEGE OF VIRGINIA
1710999016,Fanya N Seagull,VCU HEALTH SYSTEM DBA MEDICAL COLLEGE OF VIRGINIA
1174939482,Yub R Sedhai,VCU HEALTH SYSTEM DBA MEDICAL COLLEGE OF VIRGINIA
1801902598,Ramesh C Seeras,VCU HEALTH SYSTEM DBA MEDICAL COLLEGE OF VIRGINIA
1346450384,Syndi A Seinfeld,VCU HEALTH SYSTEM DBA MEDICAL COLLEGE OF VIRGINIA
1427148071,Rachel M Selby-Penczak,VCU HEALTH SYSTEM DBA MEDICAL COLLEGE OF VIRGINIA
1235497967,Nicholas A Serrano,VCU HEALTH SYSTEM DBA MEDICAL COLLEGE OF VIRGINIA
1962583500,Curtis N Sessler,VCU HEALTH SYSTEM DBA MEDICAL COLLEGE OF VIRGINIA
1013125764,Narinder N Sethi,VCU HEALTH SYSTEM DBA MEDICAL COLLEGE OF VIRGINIA
1679502249,Danielle A Shafer,VCU HEALTH SYSTEM DBA MEDICAL COLLEGE OF VIRGINIA
1184851941,Pranav R Shah,VCU HEALTH SYSTEM DBA MEDICAL COLLEGE OF VIRGINIA
1396886362,Keyur B Shah,VCU HEALTH SYSTEM DBA MEDICAL COLLEGE OF VIRGINIA
1407940869,Siddhi J Shah,VCU HEALTH SYSTEM DBA MEDICAL COLLEGE OF VIRGINIA
1427075035,Mahendra D Shah,VCU HEALTH SYSTEM DBA MEDICAL COLLEGE OF VIRGINIA
1528273422,Rachit D Shah,VCU HEALTH SYSTEM DBA MEDICAL COLLEGE OF VIRGINIA
1568629228,Tilak U Shah,VCU HEALTH SYSTEM DBA MEDICAL COLLEGE OF VIRGINIA
1639202054,Priti A Shah,VCU HEALTH SYSTEM DBA MEDICAL COLLEGE OF VIRGINIA
1710155817,Nehal R Shah,VCU HEALTH SYSTEM DBA MEDICAL COLLEGE OF VIRGINIA
1780832980,Arti P Shah,VCU HEALTH SYSTEM DBA MEDICAL COLLEGE OF VIRGINIA
1922368372,Syed A Shah,VCU HEALTH SYSTEM DBA MEDICAL COLLEGE OF VIRGINIA
1952371429,Biren A Shah,VCU HEALTH SYSTEM DBA MEDICAL COLLEGE OF VIRGINIA
1225053697,Sonia K Shah-Pandya,VCU HEALTH SYSTEM DBA MEDICAL COLLEGE OF VIRGINIA
1588665525,Ravi Shankar,VCU HEALTH SYSTEM DBA MEDICAL COLLEGE OF VIRGINIA
1659536696,Roopa K Shankar,VCU HEALTH SYSTEM DBA MEDICAL COLLEGE OF VIRGINIA
1174635114,Jay H Shapiro,VCU HEALTH SYSTEM DBA MEDICAL COLLEGE OF VIRGINIA
1952612194,Mark E Sharafinski,VCU HEALTH SYSTEM DBA MEDICAL COLLEGE OF VIRGINIA
1013105428,Amit Sharma,VCU HEALTH SYSTEM DBA MEDICAL COLLEGE OF VIRGINIA
1407016512,Kshitij Sharma,VCU HEALTH SYSTEM DBA MEDICAL COLLEGE OF VIRGINIA
1922171958,Vivek Sharma,VCU HEALTH SYSTEM DBA MEDICAL COLLEGE OF VIRGINIA
1053415497,Billy D Shaw,VCU HEALTH SYSTEM DBA MEDICAL COLLEGE OF VIRGINIA
1437249083,James E Shaw,VCU HEALTH SYSTEM DBA MEDICAL COLLEGE OF VIRGINIA
1346330990,Richard K Shepard,VCU HEALTH SYSTEM DBA MEDICAL COLLEGE OF VIRGINIA
1639263940,Ray W Shepherd,VCU HEALTH SYSTEM DBA MEDICAL COLLEGE OF VIRGINIA
1700848256,Laurie L Shinn,VCU HEALTH SYSTEM DBA MEDICAL COLLEGE OF VIRGINIA
1639337991,Ziba Shiranilapar,VCU HEALTH SYSTEM DBA MEDICAL COLLEGE OF VIRGINIA
1497937668,Samira Shojaee,VCU HEALTH SYSTEM DBA MEDICAL COLLEGE OF VIRGINIA
1932282811,Domenic A Sica,VCU HEALTH SYSTEM DBA MEDICAL COLLEGE OF VIRGINIA
1578858155,Mohammad S Siddiqui,VCU HEALTH SYSTEM DBA MEDICAL COLLEGE OF VIRGINIA
1487090833,Elise A Sideris,VCU HEALTH SYSTEM DBA MEDICAL COLLEGE OF VIRGINIA
1639490337,Lauren N Siff,VCU HEALTH SYSTEM DBA MEDICAL COLLEGE OF VIRGINIA
1548316227,Jonathan A Silverman,VCU HEALTH SYSTEM DBA MEDICAL COLLEGE OF VIRGINIA
1134446578,Evan Silverstein,VCU HEALTH SYSTEM DBA MEDICAL COLLEGE OF VIRGINIA
1770802373,Gary L Simmons,VCU HEALTH SYSTEM DBA MEDICAL COLLEGE OF VIRGINIA
1174782627,Vamsi M Singaraju,VCU HEALTH SYSTEM DBA MEDICAL COLLEGE OF VIRGINIA
1346348992,Tseday E Sirak,VCU HEALTH SYSTEM DBA MEDICAL COLLEGE OF VIRGINIA
1932256732,India Y Sisler,VCU HEALTH SYSTEM DBA MEDICAL COLLEGE OF VIRGINIA
1396787073,Aristides Sismanis,VCU HEALTH SYSTEM DBA MEDICAL COLLEGE OF VIRGINIA
1962791855,Kimberly A Skelton,VCU HEALTH SYSTEM DBA MEDICAL COLLEGE OF VIRGINIA
1275522179,James H Sloves,VCU HEALTH SYSTEM DBA MEDICAL COLLEGE OF VIRGINIA
1043394240,Melissa C Smallfield,VCU HEALTH SYSTEM DBA MEDICAL COLLEGE OF VIRGINIA
1770667651,George B Smallfield,VCU HEALTH SYSTEM DBA MEDICAL COLLEGE OF VIRGINIA
1336460815,Steven C Smith,VCU HEALTH SYSTEM DBA MEDICAL COLLEGE OF VIRGINIA
1487743548,Wally R Smith,VCU HEALTH SYSTEM DBA MEDICAL COLLEGE OF VIRGINIA
1548277197,Albert G Smith,VCU HEALTH SYSTEM DBA MEDICAL COLLEGE OF VIRGINIA
1710963582,Lakeita L Smith,VCU HEALTH SYSTEM DBA MEDICAL COLLEGE OF VIRGINIA
1316208739,Luriel I Smith-Harrison,VCU HEALTH SYSTEM DBA MEDICAL COLLEGE OF VIRGINIA
1477864056,Jonathan D Snider,VCU HEALTH SYSTEM DBA MEDICAL COLLEGE OF VIRGINIA
1588872980,John W Snyder,VCU HEALTH SYSTEM DBA MEDICAL COLLEGE OF VIRGINIA
1760788731,Jenny So,VCU HEALTH SYSTEM DBA MEDICAL COLLEGE OF VIRGINIA
1174594246,Kara E Somers,VCU HEALTH SYSTEM DBA MEDICAL COLLEGE OF VIRGINIA
1275563041,Danny Y Song,VCU HEALTH SYSTEM DBA MEDICAL COLLEGE OF VIRGINIA
1548295298,Shiyu Song,VCU HEALTH SYSTEM DBA MEDICAL COLLEGE OF VIRGINIA
1871936898,Payal D Soni,VCU HEALTH SYSTEM DBA MEDICAL COLLEGE OF VIRGINIA
1285981332,Jose M Sosa-Popoteur,VCU HEALTH SYSTEM DBA MEDICAL COLLEGE OF VIRGINIA
1841551561,Jesse D Spangler,VCU HEALTH SYSTEM DBA MEDICAL COLLEGE OF VIRGINIA
1902167315,Daniel J Spector,VCU HEALTH SYSTEM DBA MEDICAL COLLEGE OF VIRGINIA
1346291556,Beverly E Spencer,VCU HEALTH SYSTEM DBA MEDICAL COLLEGE OF VIRGINIA
1124238175,Tamar Y Springel,VCU HEALTH SYSTEM DBA MEDICAL COLLEGE OF VIRGINIA
1265640676,Edward H Springel,VCU HEALTH SYSTEM DBA MEDICAL COLLEGE OF VIRGINIA
1619976826,Praveer J Srivastava,VCU HEALTH SYSTEM DBA MEDICAL COLLEGE OF VIRGINIA
1326241878,Carlton L Stadler,VCU HEALTH SYSTEM DBA MEDICAL COLLEGE OF VIRGINIA
1831410828,Tyler M Stall,VCU HEALTH SYSTEM DBA MEDICAL COLLEGE OF VIRGINIA
1235223553,Lynwood R Stallings,VCU HEALTH SYSTEM DBA MEDICAL COLLEGE OF VIRGINIA
1386990760,Angeliki M Stamatouli,VCU HEALTH SYSTEM DBA MEDICAL COLLEGE OF VIRGINIA
1821027434,Karen A Steidle,VCU HEALTH SYSTEM DBA MEDICAL COLLEGE OF VIRGINIA
1104212240,Robert T Stenberg,VCU HEALTH SYSTEM DBA MEDICAL COLLEGE OF VIRGINIA
1841636461,Stephanie L Stephens,VCU HEALTH SYSTEM DBA MEDICAL COLLEGE OF VIRGINIA
1790875342,Richard K Sterling,VCU HEALTH SYSTEM DBA MEDICAL COLLEGE OF VIRGINIA
1043435787,Michael P Stevens,VCU HEALTH SYSTEM DBA MEDICAL COLLEGE OF VIRGINIA
1790717585,Ronald L Stevens,VCU HEALTH SYSTEM DBA MEDICAL COLLEGE OF VIRGINIA
1225301393,Aubrey S Stoll,VCU HEALTH SYSTEM DBA MEDICAL COLLEGE OF VIRGINIA
1174851877,Kristin F Story,VCU HEALTH SYSTEM DBA MEDICAL COLLEGE OF VIRGINIA
1730274648,Barbara A Stout,VCU HEALTH SYSTEM DBA MEDICAL COLLEGE OF VIRGINIA
1053607945,Bradley A Stovall,VCU HEALTH SYSTEM DBA MEDICAL COLLEGE OF VIRGINIA
1083704639,Richard T Stravitz,VCU HEALTH SYSTEM DBA MEDICAL COLLEGE OF VIRGINIA
1851598221,Brian James Strife,VCU HEALTH SYSTEM DBA MEDICAL COLLEGE OF VIRGINIA
1134214505,Warren A Stringer,VCU HEALTH SYSTEM DBA MEDICAL COLLEGE OF VIRGINIA
1215148580,Olga M Suarez-Winowiski,VCU HEALTH SYSTEM DBA MEDICAL COLLEGE OF VIRGINIA
1780887232,Brian N Suddarth,VCU HEALTH SYSTEM DBA MEDICAL COLLEGE OF VIRGINIA
1578794780,Srikar R Sudini,VCU HEALTH SYSTEM DBA MEDICAL COLLEGE OF VIRGINIA
1588768907,Usha T Sundaram,VCU HEALTH SYSTEM DBA MEDICAL COLLEGE OF VIRGINIA
1255775722,Gopika Suraj,VCU HEALTH SYSTEM DBA MEDICAL COLLEGE OF VIRGINIA
1720169923,Pawan Suri,VCU HEALTH SYSTEM DBA MEDICAL COLLEGE OF VIRGINIA
1801834965,Paul S Swerdlow,VCU HEALTH SYSTEM DBA MEDICAL COLLEGE OF VIRGINIA
1114014859,Malcolm K Sydnor,VCU HEALTH SYSTEM DBA MEDICAL COLLEGE OF VIRGINIA
1437367331,Huzaefah J Syed,VCU HEALTH SYSTEM DBA MEDICAL COLLEGE OF VIRGINIA
1962610972,Aamer A Syed,VCU HEALTH SYSTEM DBA MEDICAL COLLEGE OF VIRGINIA
1932354636,Flora K Szabo,VCU HEALTH SYSTEM DBA MEDICAL COLLEGE OF VIRGINIA
1689866493,Deepa S Taggarshe,VCU HEALTH SYSTEM DBA MEDICAL COLLEGE OF VIRGINIA
1174549968,Peter Takacs,VCU HEALTH SYSTEM DBA MEDICAL COLLEGE OF VIRGINIA
1124244025,Daniel G Tang,VCU HEALTH SYSTEM DBA MEDICAL COLLEGE OF VIRGINIA
1225247778,Yang Tang,VCU HEALTH SYSTEM DBA MEDICAL COLLEGE OF VIRGINIA
1376847798,Vanessa M Taylor,VCU HEALTH SYSTEM DBA MEDICAL COLLEGE OF VIRGINIA
1447486451,Jeffrey S Taylor,VCU HEALTH SYSTEM DBA MEDICAL COLLEGE OF VIRGINIA
1528402245,Lindsay A Taylor,VCU HEALTH SYSTEM DBA MEDICAL COLLEGE OF VIRGINIA
1578583225,John R Taylor,VCU HEALTH SYSTEM DBA MEDICAL COLLEGE OF VIRGINIA
1891909586,Samuel A Taylor,VCU HEALTH SYSTEM DBA MEDICAL COLLEGE OF VIRGINIA
1306845664,Inna F Tchoukina,VCU HEALTH SYSTEM DBA MEDICAL COLLEGE OF VIRGINIA
1104846898,Jean E Teasley,VCU HEALTH SYSTEM DBA MEDICAL COLLEGE OF VIRGINIA
1194712216,Kristina R Tedeschi,VCU HEALTH SYSTEM DBA MEDICAL COLLEGE OF VIRGINIA
1497783815,Sarah M Temkin,VCU HEALTH SYSTEM DBA MEDICAL COLLEGE OF VIRGINIA
1386671683,Mishka S Terplan,VCU HEALTH SYSTEM DBA MEDICAL COLLEGE OF VIRGINIA
1548313513,Jeffrey M Tessier,VCU HEALTH SYSTEM DBA MEDICAL COLLEGE OF VIRGINIA
1245265461,Claudia M Testa,VCU HEALTH SYSTEM DBA MEDICAL COLLEGE OF VIRGINIA
1497998009,Shilen P Thakrar,VCU HEALTH SYSTEM DBA MEDICAL COLLEGE OF VIRGINIA
1457535551,Deepak P Thomas,VCU HEALTH SYSTEM DBA MEDICAL COLLEGE OF VIRGINIA
1922341809,Georgia K Thomas,VCU HEALTH SYSTEM DBA MEDICAL COLLEGE OF VIRGINIA
1972781276,Mareen E Thomas,VCU HEALTH SYSTEM DBA MEDICAL COLLEGE OF VIRGINIA
1831184753,William A Tierney,VCU HEALTH SYSTEM DBA MEDICAL COLLEGE OF VIRGINIA
1497013726,Clarence B Toney,VCU HEALTH SYSTEM DBA MEDICAL COLLEGE OF VIRGINIA
1174885503,Sebastian T Tong,VCU HEALTH SYSTEM DBA MEDICAL COLLEGE OF VIRGINIA
1902883176,Amir A Toor,VCU HEALTH SYSTEM DBA MEDICAL COLLEGE OF VIRGINIA
1497815054,Jesse T Torbert,VCU HEALTH SYSTEM DBA MEDICAL COLLEGE OF VIRGINIA
1700185592,Matthew S Torre,VCU HEALTH SYSTEM DBA MEDICAL COLLEGE OF VIRGINIA
1194744714,Alan R Towne,VCU HEALTH SYSTEM DBA MEDICAL COLLEGE OF VIRGINIA
1114288610,Jordan T Tozer,VCU HEALTH SYSTEM DBA MEDICAL COLLEGE OF VIRGINIA
1821002544,Michael J Tozzi,VCU HEALTH SYSTEM DBA MEDICAL COLLEGE OF VIRGINIA
1336469600,Bryant W Tran,VCU HEALTH SYSTEM DBA MEDICAL COLLEGE OF VIRGINIA
1992066583,Cory R Trankle,VCU HEALTH SYSTEM DBA MEDICAL COLLEGE OF VIRGINIA
1790912848,Michelle M Troendle,VCU HEALTH SYSTEM DBA MEDICAL COLLEGE OF VIRGINIA
1558536763,Mireille D Truong,VCU HEALTH SYSTEM DBA MEDICAL COLLEGE OF VIRGINIA
1659632198,Ashlie S Tseng,VCU HEALTH SYSTEM DBA MEDICAL COLLEGE OF VIRGINIA
1114273463,Jessica M Tsukanov,VCU HEALTH SYSTEM DBA MEDICAL COLLEGE OF VIRGINIA
1174715007,Tiffany M Tucker,VCU HEALTH SYSTEM DBA MEDICAL COLLEGE OF VIRGINIA
1942437801,Jeremy S Turlington,VCU HEALTH SYSTEM DBA MEDICAL COLLEGE OF VIRGINIA
1588759971,Mary A Turner,VCU HEALTH SYSTEM DBA MEDICAL COLLEGE OF VIRGINIA
1023088606,Roger H Tutton,VCU HEALTH SYSTEM DBA MEDICAL COLLEGE OF VIRGINIA
1811293525,Mark S Twedt,VCU HEALTH SYSTEM DBA MEDICAL COLLEGE OF VIRGINIA
1851325963,Gary W Tye,VCU HEALTH SYSTEM DBA MEDICAL COLLEGE OF VIRGINIA
1255438693,Ira M Tyler,VCU HEALTH SYSTEM DBA MEDICAL COLLEGE OF VIRGINIA
1073581963,Maciej Tymowski,VCU HEALTH SYSTEM DBA MEDICAL COLLEGE OF VIRGINIA
1285954735,Cora-Gabriela Uram-Tuculescu,VCU HEALTH SYSTEM DBA MEDICAL COLLEGE OF VIRGINIA
1356505291,Alfredo I Urdaneta,VCU HEALTH SYSTEM DBA MEDICAL COLLEGE OF VIRGINIA
1821165382,Jessica M Utt,VCU HEALTH SYSTEM DBA MEDICAL COLLEGE OF VIRGINIA
1023125291,Ravi K Vachhani,VCU HEALTH SYSTEM DBA MEDICAL COLLEGE OF VIRGINIA
1295945764,Hetal R Vachhani,VCU HEALTH SYSTEM DBA MEDICAL COLLEGE OF VIRGINIA
1942467980,Narendra B Vadlamudi,VCU HEALTH SYSTEM DBA MEDICAL COLLEGE OF VIRGINIA
1285071126,Christen L Vagts,VCU HEALTH SYSTEM DBA MEDICAL COLLEGE OF VIRGINIA
1881633709,Alex B Valadka,VCU HEALTH SYSTEM DBA MEDICAL COLLEGE OF VIRGINIA
1194818310,Arina E Vanbreda,VCU HEALTH SYSTEM DBA MEDICAL COLLEGE OF VIRGINIA
1679781769,Jennifer L Vanderbeck,VCU HEALTH SYSTEM DBA MEDICAL COLLEGE OF VIRGINIA
1972712115,Jeffrey A Vandesand,VCU HEALTH SYSTEM DBA MEDICAL COLLEGE OF VIRGINIA
1992024392,Alexander R Vap,VCU HEALTH SYSTEM DBA MEDICAL COLLEGE OF VIRGINIA
1225239197,Anjali Varandani,VCU HEALTH SYSTEM DBA MEDICAL COLLEGE OF VIRGINIA
1063831485,Morgan L Vargo,VCU HEALTH SYSTEM DBA MEDICAL COLLEGE OF VIRGINIA
1568639466,Santhosh K Vasanthakumar,VCU HEALTH SYSTEM DBA MEDICAL COLLEGE OF VIRGINIA
1124089958,Ingrid I Vaughan,VCU HEALTH SYSTEM DBA MEDICAL COLLEGE OF VIRGINIA
1962795336,Rafael A Vega,VCU HEALTH SYSTEM DBA MEDICAL COLLEGE OF VIRGINIA
1114003159,Anna K Vinnikova,VCU HEALTH SYSTEM DBA MEDICAL COLLEGE OF VIRGINIA
1750707865,Katherine R Vita,VCU HEALTH SYSTEM DBA MEDICAL COLLEGE OF VIRGINIA
1558653469,Michael J Vitto,VCU HEALTH SYSTEM DBA MEDICAL COLLEGE OF VIRGINIA
1639371024,Gregory A Vorona,VCU HEALTH SYSTEM DBA MEDICAL COLLEGE OF VIRGINIA
1043453368,Josephina A Vossen,VCU HEALTH SYSTEM DBA MEDICAL COLLEGE OF VIRGINIA
1497782320,Scott A Vota,VCU HEALTH SYSTEM DBA MEDICAL COLLEGE OF VIRGINIA
1174686950,Judith A Voynow,VCU HEALTH SYSTEM DBA MEDICAL COLLEGE OF VIRGINIA
1215044714,William C Walker,VCU HEALTH SYSTEM DBA MEDICAL COLLEGE OF VIRGINIA
1033328703,Timothy J Wallace,VCU HEALTH SYSTEM DBA MEDICAL COLLEGE OF VIRGINIA
1467438937,Michael L Wallace,VCU HEALTH SYSTEM DBA MEDICAL COLLEGE OF VIRGINIA
1871555680,Rachel R Waller,VCU HEALTH SYSTEM DBA MEDICAL COLLEGE OF VIRGINIA
1578571196,Zhihong J Wang,VCU HEALTH SYSTEM DBA MEDICAL COLLEGE OF VIRGINIA
1467613646,Brant R Ward,VCU HEALTH SYSTEM DBA MEDICAL COLLEGE OF VIRGINIA
1891745774,John D Ward,VCU HEALTH SYSTEM DBA MEDICAL COLLEGE OF VIRGINIA
1356787584,Melissa R Warwick,VCU HEALTH SYSTEM DBA MEDICAL COLLEGE OF VIRGINIA
1750300596,Elizabeth J Waterhouse,VCU HEALTH SYSTEM DBA MEDICAL COLLEGE OF VIRGINIA
1720375819,Hussam Watti,VCU HEALTH SYSTEM DBA MEDICAL COLLEGE OF VIRGINIA
1609834795,Allan S Wax,VCU HEALTH SYSTEM DBA MEDICAL COLLEGE OF VIRGINIA
1306107024,Ewa M Way,VCU HEALTH SYSTEM DBA MEDICAL COLLEGE OF VIRGINIA
1376717082,Charles N Webb,VCU HEALTH SYSTEM DBA MEDICAL COLLEGE OF VIRGINIA
1689935298,Casey V Wehunt,VCU HEALTH SYSTEM DBA MEDICAL COLLEGE OF VIRGINIA
1245342765,Paul D Weidman,VCU HEALTH SYSTEM DBA MEDICAL COLLEGE OF VIRGINIA
1295919645,Elisabeth Weiss,VCU HEALTH SYSTEM DBA MEDICAL COLLEGE OF VIRGINIA
1174571327,James F Whelan,VCU HEALTH SYSTEM DBA MEDICAL COLLEGE OF VIRGINIA
1215260294,Marie P White,VCU HEALTH SYSTEM DBA MEDICAL COLLEGE OF VIRGINIA
1477751899,Ammie M White,VCU HEALTH SYSTEM DBA MEDICAL COLLEGE OF VIRGINIA
1295816825,Michelle Y Whitehurst-Cook,VCU HEALTH SYSTEM DBA MEDICAL COLLEGE OF VIRGINIA
1144290024,Julia D Whiting,VCU HEALTH SYSTEM DBA MEDICAL COLLEGE OF VIRGINIA
1891909669,Kelley K Whitmer,VCU HEALTH SYSTEM DBA MEDICAL COLLEGE OF VIRGINIA
1477566545,Edmond P Wickham,VCU HEALTH SYSTEM DBA MEDICAL COLLEGE OF VIRGINIA
1245378538,Christina M Wiedl,VCU HEALTH SYSTEM DBA MEDICAL COLLEGE OF VIRGINIA
1225327232,Nicole E Wieghard,VCU HEALTH SYSTEM DBA MEDICAL COLLEGE OF VIRGINIA
1427268291,Niran R Wijesooriya,VCU HEALTH SYSTEM DBA MEDICAL COLLEGE OF VIRGINIA
1174589543,Laura M Wike,VCU HEALTH SYSTEM DBA MEDICAL COLLEGE OF VIRGINIA
1932429495,Austin B Wiles,VCU HEALTH SYSTEM DBA MEDICAL COLLEGE OF VIRGINIA
1215920244,Philip D Wilken,VCU HEALTH SYSTEM DBA MEDICAL COLLEGE OF VIRGINIA
1902906175,David S Wilkinson,VCU HEALTH SYSTEM DBA MEDICAL COLLEGE OF VIRGINIA
1205867827,David C Williams,VCU HEALTH SYSTEM DBA MEDICAL COLLEGE OF VIRGINIA
1467675694,Duane C Williams,VCU HEALTH SYSTEM DBA MEDICAL COLLEGE OF VIRGINIA
1548377690,Ronald W Williams,VCU HEALTH SYSTEM DBA MEDICAL COLLEGE OF VIRGINIA
1578675013,Kristin D Williams,VCU HEALTH SYSTEM DBA MEDICAL COLLEGE OF VIRGINIA
1669464855,Carlos A Williams,VCU HEALTH SYSTEM DBA MEDICAL COLLEGE OF VIRGINIA
1013978378,Dale M Willis,VCU HEALTH SYSTEM DBA MEDICAL COLLEGE OF VIRGINIA
1861812422,Deanna J Willis,VCU HEALTH SYSTEM DBA MEDICAL COLLEGE OF VIRGINIA
1710951454,Brandon K Wills,VCU HEALTH SYSTEM DBA MEDICAL COLLEGE OF VIRGINIA
1194894733,Douglas F Willson,VCU HEALTH SYSTEM DBA MEDICAL COLLEGE OF VIRGINIA
1699875203,Julie M Winkle,VCU HEALTH SYSTEM DBA MEDICAL COLLEGE OF VIRGINIA
1669792867,Sarah G Winks,VCU HEALTH SYSTEM DBA MEDICAL COLLEGE OF VIRGINIA
1205925419,Christopher M Wise,VCU HEALTH SYSTEM DBA MEDICAL COLLEGE OF VIRGINIA
1508825522,Darren S Witte,VCU HEALTH SYSTEM DBA MEDICAL COLLEGE OF VIRGINIA
1063502615,Dennis D Wixted,VCU HEALTH SYSTEM DBA MEDICAL COLLEGE OF VIRGINIA
1912104209,Devon S Wojcikewych,VCU HEALTH SYSTEM DBA MEDICAL COLLEGE OF VIRGINIA
1194806380,Christopher M Woleben,VCU HEALTH SYSTEM DBA MEDICAL COLLEGE OF VIRGINIA
1114073707,Elizabeth R Wolf,VCU HEALTH SYSTEM DBA MEDICAL COLLEGE OF VIRGINIA
1770551855,Richard L Wolman,VCU HEALTH SYSTEM DBA MEDICAL COLLEGE OF VIRGINIA
1215969118,Susan E Wolver,VCU HEALTH SYSTEM DBA MEDICAL COLLEGE OF VIRGINIA
1356576102,Alice Wong,VCU HEALTH SYSTEM DBA MEDICAL COLLEGE OF VIRGINIA
1902036122,Jason S Wong,VCU HEALTH SYSTEM DBA MEDICAL COLLEGE OF VIRGINIA
1265758304,Rashida H Woods,VCU HEALTH SYSTEM DBA MEDICAL COLLEGE OF VIRGINIA
1659504959,Nianzhou Xiao,VCU HEALTH SYSTEM DBA MEDICAL COLLEGE OF VIRGINIA
1346592458,Kunal Yadav,VCU HEALTH SYSTEM DBA MEDICAL COLLEGE OF VIRGINIA
1295961308,Vishal Yajnik,VCU HEALTH SYSTEM DBA MEDICAL COLLEGE OF VIRGINIA
1871541458,Andrew Lawrence Yale,VCU HEALTH SYSTEM DBA MEDICAL COLLEGE OF VIRGINIA
1245320894,Leanne M Yanni,VCU HEALTH SYSTEM DBA MEDICAL COLLEGE OF VIRGINIA
1003054248,Sahzene Yavuz,VCU HEALTH SYSTEM DBA MEDICAL COLLEGE OF VIRGINIA
1154584662,Victor Y Yazbeck,VCU HEALTH SYSTEM DBA MEDICAL COLLEGE OF VIRGINIA
1932362084,Cynthia F Yazbeck,VCU HEALTH SYSTEM DBA MEDICAL COLLEGE OF VIRGINIA
1922189117,Allen Yee,VCU HEALTH SYSTEM DBA MEDICAL COLLEGE OF VIRGINIA
1821004649,Thomas Yeh,VCU HEALTH SYSTEM DBA MEDICAL COLLEGE OF VIRGINIA
1669681573,Nancy Yenshipley,VCU HEALTH SYSTEM DBA MEDICAL COLLEGE OF VIRGINIA
1467872762,Allison M Young,VCU HEALTH SYSTEM DBA MEDICAL COLLEGE OF VIRGINIA
1578597688,Harold F Young,VCU HEALTH SYSTEM DBA MEDICAL COLLEGE OF VIRGINIA
1609212844,Matthew T Young,VCU HEALTH SYSTEM DBA MEDICAL COLLEGE OF VIRGINIA
1699984518,Christine M Young,VCU HEALTH SYSTEM DBA MEDICAL COLLEGE OF VIRGINIA
1194810135,Jin X Yu,VCU HEALTH SYSTEM DBA MEDICAL COLLEGE OF VIRGINIA
1205128840,Tanja Z Zanin,VCU HEALTH SYSTEM DBA MEDICAL COLLEGE OF VIRGINIA
1457656969,Nathan D Zasler,VCU HEALTH SYSTEM DBA MEDICAL COLLEGE OF VIRGINIA
1043318769,Alvaro R Zeballos,VCU HEALTH SYSTEM DBA MEDICAL COLLEGE OF VIRGINIA
1417990771,Sharon M Zemel,VCU HEALTH SYSTEM DBA MEDICAL COLLEGE OF VIRGINIA
1497075980,Shuhao Zhang,VCU HEALTH SYSTEM DBA MEDICAL COLLEGE OF VIRGINIA
1386975183,Minglu Zhao,VCU HEALTH SYSTEM DBA MEDICAL COLLEGE OF VIRGINIA
1669587929,Wei Zhao,VCU HEALTH SYSTEM DBA MEDICAL COLLEGE OF VIRGINIA
1144263567,Wilhelm A Zuelzer,VCU HEALTH SYSTEM DBA MEDICAL COLLEGE OF VIRGINIA
1922328152,Alicia M Zukas,VCU HEALTH SYSTEM DBA MEDICAL COLLEGE OF VIRGINIA
1790983328,Salim Zulfiqar,VCU HEALTH SYSTEM DBA MEDICAL COLLEGE OF VIRGINIA
