1720392988,Mustafa Abas,UNIVERSITY PRIMARY CARE PRACTICES INC
1023053980,Hassan A Abbass,UNIVERSITY PRIMARY CARE PRACTICES INC
1639283914,Fadi F Abbass,UNIVERSITY PRIMARY CARE PRACTICES INC
1730130089,Julia M Abbass,UNIVERSITY PRIMARY CARE PRACTICES INC
1093071565,Jason E Abdallah,UNIVERSITY PRIMARY CARE PRACTICES INC
1710188545,Soozan S Abouhassan,UNIVERSITY PRIMARY CARE PRACTICES INC
1275629735,Babu R Achanti,UNIVERSITY PRIMARY CARE PRACTICES INC
1700129814,Brett A Adair,UNIVERSITY PRIMARY CARE PRACTICES INC
1427070887,Peter M Adamek,UNIVERSITY PRIMARY CARE PRACTICES INC
1679565998,Sherryl L Adamic,UNIVERSITY PRIMARY CARE PRACTICES INC
1205934130,Judith A Adamich,UNIVERSITY PRIMARY CARE PRACTICES INC
1235139767,Michael A Adornetto,UNIVERSITY PRIMARY CARE PRACTICES INC
1356537716,Riaz Ahmad,UNIVERSITY PRIMARY CARE PRACTICES INC
1538163860,Faheem Ahmed,UNIVERSITY PRIMARY CARE PRACTICES INC
1497850622,Samir S Ahuja,UNIVERSITY PRIMARY CARE PRACTICES INC
1912297490,Nely Z Aldrich,UNIVERSITY PRIMARY CARE PRACTICES INC
1275659104,Yousif A Alhallaq,UNIVERSITY PRIMARY CARE PRACTICES INC
1093034225,Katherine E Ali,UNIVERSITY PRIMARY CARE PRACTICES INC
1891908992,Jafer Ali,UNIVERSITY PRIMARY CARE PRACTICES INC
1710980248,James R Allman,UNIVERSITY PRIMARY CARE PRACTICES INC
1750358941,Nadim N Al-Mubarak,UNIVERSITY PRIMARY CARE PRACTICES INC
1104849447,Amy C Alt-Coan,UNIVERSITY PRIMARY CARE PRACTICES INC
1891909222,Michael D Altose,UNIVERSITY PRIMARY CARE PRACTICES INC
1538345202,Perry O Anarado,UNIVERSITY PRIMARY CARE PRACTICES INC
1669412755,Natalina N Andreani,UNIVERSITY PRIMARY CARE PRACTICES INC
1356373344,John C Andrefsky,UNIVERSITY PRIMARY CARE PRACTICES INC
1013175835,Kevin A Andryc,UNIVERSITY PRIMARY CARE PRACTICES INC
1720122104,Rahlia Ansari,UNIVERSITY PRIMARY CARE PRACTICES INC
1174800197,Kashif S Anwar,UNIVERSITY PRIMARY CARE PRACTICES INC
1518288901,Margaret Apostol,UNIVERSITY PRIMARY CARE PRACTICES INC
1396766689,Gregory K Applegate,UNIVERSITY PRIMARY CARE PRACTICES INC
1801979612,Faisal D Arain,UNIVERSITY PRIMARY CARE PRACTICES INC
1316915085,Susan M Arceneaux,UNIVERSITY PRIMARY CARE PRACTICES INC
1770843393,Elizabeth E Archinal,UNIVERSITY PRIMARY CARE PRACTICES INC
1598877748,Luis M Argote-Greene,UNIVERSITY PRIMARY CARE PRACTICES INC
1245343789,Delilah Frances Armstrong,UNIVERSITY PRIMARY CARE PRACTICES INC
1275594129,Gregory J Armstrong,UNIVERSITY PRIMARY CARE PRACTICES INC
1568606523,Amy J Armstrong,UNIVERSITY PRIMARY CARE PRACTICES INC
1578528196,Catherine D Arora,UNIVERSITY PRIMARY CARE PRACTICES INC
1174889778,Sailesh Arulkumar,UNIVERSITY PRIMARY CARE PRACTICES INC
1134414204,Daniel I Asher,UNIVERSITY PRIMARY CARE PRACTICES INC
1033499116,Riccardo Autorino,UNIVERSITY PRIMARY CARE PRACTICES INC
1639157241,Edwin G Avery,UNIVERSITY PRIMARY CARE PRACTICES INC
1962687871,Katherine E Ayers,UNIVERSITY PRIMARY CARE PRACTICES INC
1164428777,Nabil N Azar,UNIVERSITY PRIMARY CARE PRACTICES INC
1417967118,Haitham M Azem,UNIVERSITY PRIMARY CARE PRACTICES INC
1538268214,Mervat Z Aziz,UNIVERSITY PRIMARY CARE PRACTICES INC
1649370735,Samia C Baaklini,UNIVERSITY PRIMARY CARE PRACTICES INC
1598714388,Anthony E Bacevice,UNIVERSITY PRIMARY CARE PRACTICES INC
1740480300,Rima Bachuwa,UNIVERSITY PRIMARY CARE PRACTICES INC
1093927444,Christina M Bagby,UNIVERSITY PRIMARY CARE PRACTICES INC
1396778619,Lee A Baggott,UNIVERSITY PRIMARY CARE PRACTICES INC
1952519043,Jennifer D Bahner,UNIVERSITY PRIMARY CARE PRACTICES INC
1336185339,Ewa B Bak,UNIVERSITY PRIMARY CARE PRACTICES INC
1386063733,John C Baker,UNIVERSITY PRIMARY CARE PRACTICES INC
1710365143,James M Baker,UNIVERSITY PRIMARY CARE PRACTICES INC
1194953976,Jordan N Baker-Horn,UNIVERSITY PRIMARY CARE PRACTICES INC
1447365622,Cynthia K Balina,UNIVERSITY PRIMARY CARE PRACTICES INC
1104866565,Mitchell I Ballin,UNIVERSITY PRIMARY CARE PRACTICES INC
1326114497,Tanya T Banerjee,UNIVERSITY PRIMARY CARE PRACTICES INC
1821009622,Bradley T Banko,UNIVERSITY PRIMARY CARE PRACTICES INC
1013087535,Kevin L Banks,UNIVERSITY PRIMARY CARE PRACTICES INC
1487648408,Richard M Banozic,UNIVERSITY PRIMARY CARE PRACTICES INC
1235394495,Arun Bansal,UNIVERSITY PRIMARY CARE PRACTICES INC
1063583706,Marcus A Baratian,UNIVERSITY PRIMARY CARE PRACTICES INC
1619191731,Bradley D Barker,UNIVERSITY PRIMARY CARE PRACTICES INC
1548358674,John C Baron,UNIVERSITY PRIMARY CARE PRACTICES INC
1679890792,Deanna M Barry,UNIVERSITY PRIMARY CARE PRACTICES INC
1194717934,Fredrick J Barton,UNIVERSITY PRIMARY CARE PRACTICES INC
1861438194,Karen L Barton,UNIVERSITY PRIMARY CARE PRACTICES INC
1417048109,Tracy M Bartone,UNIVERSITY PRIMARY CARE PRACTICES INC
1316213077,Thomas Barwacz,UNIVERSITY PRIMARY CARE PRACTICES INC
1760633382,Leah N Basch,UNIVERSITY PRIMARY CARE PRACTICES INC
1578726907,Reshmi Basu,UNIVERSITY PRIMARY CARE PRACTICES INC
1801065271,Chandra S Batchu,UNIVERSITY PRIMARY CARE PRACTICES INC
1659311660,Irene H Bautista,UNIVERSITY PRIMARY CARE PRACTICES INC
1770877672,Adam T Beattie,UNIVERSITY PRIMARY CARE PRACTICES INC
1548556368,Brenda S Beck,UNIVERSITY PRIMARY CARE PRACTICES INC
1851484752,Glenn E Beck,UNIVERSITY PRIMARY CARE PRACTICES INC
1326183369,Zina Becker,UNIVERSITY PRIMARY CARE PRACTICES INC
1376558767,Tamar Y Bejanishvili,UNIVERSITY PRIMARY CARE PRACTICES INC
1659320455,Michelle J Belardo,UNIVERSITY PRIMARY CARE PRACTICES INC
1598864423,Nancy O Beller,UNIVERSITY PRIMARY CARE PRACTICES INC
1447359377,Richard A Below,UNIVERSITY PRIMARY CARE PRACTICES INC
1952383390,Maria R Beltran,UNIVERSITY PRIMARY CARE PRACTICES INC
1295736874,Robin C Benis,UNIVERSITY PRIMARY CARE PRACTICES INC
1699874529,Janet L Benish,UNIVERSITY PRIMARY CARE PRACTICES INC
1528385432,Cole A Bennett,UNIVERSITY PRIMARY CARE PRACTICES INC
1942512108,Jillian M Benson,UNIVERSITY PRIMARY CARE PRACTICES INC
1548796287,Yelena Benyaminov,UNIVERSITY PRIMARY CARE PRACTICES INC
1811908965,Mark D Bergman,UNIVERSITY PRIMARY CARE PRACTICES INC
1518061902,Robert J Berkowitz,UNIVERSITY PRIMARY CARE PRACTICES INC
1528249653,Raymond P Bermea,UNIVERSITY PRIMARY CARE PRACTICES INC
1780828905,Michelle G Beskid,UNIVERSITY PRIMARY CARE PRACTICES INC
1326142803,Eva L Bhadra,UNIVERSITY PRIMARY CARE PRACTICES INC
1255346789,Anita A Bhardwaj,UNIVERSITY PRIMARY CARE PRACTICES INC
1104089242,Nikhil K Bhatnagar,UNIVERSITY PRIMARY CARE PRACTICES INC
1326026154,Mukesh C Bhatt,UNIVERSITY PRIMARY CARE PRACTICES INC
1669571592,Jyoti J Bhatt,UNIVERSITY PRIMARY CARE PRACTICES INC
1790953297,Aashish D Bhatt,UNIVERSITY PRIMARY CARE PRACTICES INC
1467434183,Monika M Bhola,UNIVERSITY PRIMARY CARE PRACTICES INC
1447513734,Heidi J Bird,UNIVERSITY PRIMARY CARE PRACTICES INC
1922115682,Tithi Biswas,UNIVERSITY PRIMARY CARE PRACTICES INC
1407848492,Jessica H Bittence,UNIVERSITY PRIMARY CARE PRACTICES INC
1174609754,Tina M Black,UNIVERSITY PRIMARY CARE PRACTICES INC
1245339175,Robert P Blankfield,UNIVERSITY PRIMARY CARE PRACTICES INC
1013232214,Iuliana D Bobanga,UNIVERSITY PRIMARY CARE PRACTICES INC
1952690638,Christopher J Bohac,UNIVERSITY PRIMARY CARE PRACTICES INC
1487982153,Carrie E Bolton,UNIVERSITY PRIMARY CARE PRACTICES INC
1205935145,David M Bonnet,UNIVERSITY PRIMARY CARE PRACTICES INC
1871682575,Rita M Bonomo,UNIVERSITY PRIMARY CARE PRACTICES INC
1023076080,Maridee S Boos,UNIVERSITY PRIMARY CARE PRACTICES INC
1942244215,Robert S Boova,UNIVERSITY PRIMARY CARE PRACTICES INC
1831585819,Nikhil R Borkhetaria,UNIVERSITY PRIMARY CARE PRACTICES INC
1295990158,Courtney D Borruso,UNIVERSITY PRIMARY CARE PRACTICES INC
1356394688,Donald L Bowers,UNIVERSITY PRIMARY CARE PRACTICES INC
1063449882,Christopher D Boyd,UNIVERSITY PRIMARY CARE PRACTICES INC
1063856391,Elaine C Boyd,UNIVERSITY PRIMARY CARE PRACTICES INC
1023061165,Jeffrey M Boyko,UNIVERSITY PRIMARY CARE PRACTICES INC
1770545444,Christine D Boyko,UNIVERSITY PRIMARY CARE PRACTICES INC
1275582652,Elizabeth V Brandewie,UNIVERSITY PRIMARY CARE PRACTICES INC
1861455461,Harpreet S Brar,UNIVERSITY PRIMARY CARE PRACTICES INC
1881973014,Igal Breitman,UNIVERSITY PRIMARY CARE PRACTICES INC
1659463842,Barry E Brenner,UNIVERSITY PRIMARY CARE PRACTICES INC
1225132780,Joann L Brewer,UNIVERSITY PRIMARY CARE PRACTICES INC
1982670097,Vilma K Briggs,UNIVERSITY PRIMARY CARE PRACTICES INC
1801905450,Margarita M Brin,UNIVERSITY PRIMARY CARE PRACTICES INC
1346321262,Deborah D Brindza,UNIVERSITY PRIMARY CARE PRACTICES INC
1982797874,Angela L Brinkman,UNIVERSITY PRIMARY CARE PRACTICES INC
1518302603,Kristin D Brockway,UNIVERSITY PRIMARY CARE PRACTICES INC
1427008978,Lisa A Brown,UNIVERSITY PRIMARY CARE PRACTICES INC
1629178330,Trudi J Brown,UNIVERSITY PRIMARY CARE PRACTICES INC
1639384985,Joanna K Brown,UNIVERSITY PRIMARY CARE PRACTICES INC
1811079379,Michael P Brown,UNIVERSITY PRIMARY CARE PRACTICES INC
1164493896,Thomas E Bruderly,UNIVERSITY PRIMARY CARE PRACTICES INC
1104818426,Regina M Bruno,UNIVERSITY PRIMARY CARE PRACTICES INC
1467432658,Bradley A Bryan,UNIVERSITY PRIMARY CARE PRACTICES INC
1194975128,Benjamin J Bryant,UNIVERSITY PRIMARY CARE PRACTICES INC
1245312016,Roy M Buchinsky,UNIVERSITY PRIMARY CARE PRACTICES INC
1982186573,Leah Buck,UNIVERSITY PRIMARY CARE PRACTICES INC
1447542006,Tatiana N Buhtoiarova,UNIVERSITY PRIMARY CARE PRACTICES INC
1285087908,Huan Bui,UNIVERSITY PRIMARY CARE PRACTICES INC
1992974083,Michael J Burdick,UNIVERSITY PRIMARY CARE PRACTICES INC
1336300334,Paul Bures,UNIVERSITY PRIMARY CARE PRACTICES INC
1710068622,Diane C Burgin,UNIVERSITY PRIMARY CARE PRACTICES INC
1396831798,Stephen J Burgun,UNIVERSITY PRIMARY CARE PRACTICES INC
1164464640,Gerald M Burma,UNIVERSITY PRIMARY CARE PRACTICES INC
1134379225,Lauren N Burns,UNIVERSITY PRIMARY CARE PRACTICES INC
1861690836,Carl D Butcher,UNIVERSITY PRIMARY CARE PRACTICES INC
1013129394,Charles M Butrey,UNIVERSITY PRIMARY CARE PRACTICES INC
1194815431,Shahid H Butt,UNIVERSITY PRIMARY CARE PRACTICES INC
1053523340,Jennifer A Calabrese,UNIVERSITY PRIMARY CARE PRACTICES INC
1780016493,Deborah K Calderwood,UNIVERSITY PRIMARY CARE PRACTICES INC
1003859539,Robert B Cameron,UNIVERSITY PRIMARY CARE PRACTICES INC
1891054466,Lauren A Cameron,UNIVERSITY PRIMARY CARE PRACTICES INC
1194906784,Jennifer C Campbell,UNIVERSITY PRIMARY CARE PRACTICES INC
1245437623,Dominique B Caovan,UNIVERSITY PRIMARY CARE PRACTICES INC
1912266941,Angela M Capp,UNIVERSITY PRIMARY CARE PRACTICES INC
1912909862,Jennifer M Carandang,UNIVERSITY PRIMARY CARE PRACTICES INC
1649482936,Kenneth J Carbone,UNIVERSITY PRIMARY CARE PRACTICES INC
1316074222,Jodi L Carducci,UNIVERSITY PRIMARY CARE PRACTICES INC
1932179272,Melanie L Carlson,UNIVERSITY PRIMARY CARE PRACTICES INC
1023351798,Katherine C Carmichael,UNIVERSITY PRIMARY CARE PRACTICES INC
1376923540,Joana A Carnahan,UNIVERSITY PRIMARY CARE PRACTICES INC
1326088915,Elizabeth R Carpenter,UNIVERSITY PRIMARY CARE PRACTICES INC
1700033917,Ryan M Carr,UNIVERSITY PRIMARY CARE PRACTICES INC
1922210228,James Carroccio,UNIVERSITY PRIMARY CARE PRACTICES INC
1306849401,Jennifer L Carroll,UNIVERSITY PRIMARY CARE PRACTICES INC
1477657096,Michele M Carruozzo,UNIVERSITY PRIMARY CARE PRACTICES INC
1033219134,Amy B Carruthers,UNIVERSITY PRIMARY CARE PRACTICES INC
1982816294,Dennis E Carson,UNIVERSITY PRIMARY CARE PRACTICES INC
1245289636,Elizabeth K Carvill,UNIVERSITY PRIMARY CARE PRACTICES INC
1851384036,Shelby J Cash,UNIVERSITY PRIMARY CARE PRACTICES INC
1790901502,Jonathan T Castro,UNIVERSITY PRIMARY CARE PRACTICES INC
1407950074,Peter M Catanzaro,UNIVERSITY PRIMARY CARE PRACTICES INC
1093767188,Amrita N Chadha,UNIVERSITY PRIMARY CARE PRACTICES INC
1013115054,Saneka Chakravarty,UNIVERSITY PRIMARY CARE PRACTICES INC
1629236997,Wendy A Chamberlain,UNIVERSITY PRIMARY CARE PRACTICES INC
1255307369,Alaknanda S Chandurkar,UNIVERSITY PRIMARY CARE PRACTICES INC
1285620468,Richard Y Chang,UNIVERSITY PRIMARY CARE PRACTICES INC
1295711992,Yilan L Chang,UNIVERSITY PRIMARY CARE PRACTICES INC
1972607521,Mark S Chapman,UNIVERSITY PRIMARY CARE PRACTICES INC
1932151651,Rebekah M Chapnick,UNIVERSITY PRIMARY CARE PRACTICES INC
1104833789,Joseph E Chase,UNIVERSITY PRIMARY CARE PRACTICES INC
1396870259,Mundeep Chaudhry,UNIVERSITY PRIMARY CARE PRACTICES INC
1730408212,Abubakr A Chaudhry,UNIVERSITY PRIMARY CARE PRACTICES INC
1295746352,Peijun Chen,UNIVERSITY PRIMARY CARE PRACTICES INC
1710182332,Michael K Chen,UNIVERSITY PRIMARY CARE PRACTICES INC
1891732863,Yongjin Chen,UNIVERSITY PRIMARY CARE PRACTICES INC
1326137159,Lisa M Cherullo,UNIVERSITY PRIMARY CARE PRACTICES INC
1861687584,Nipun Chhabra,UNIVERSITY PRIMARY CARE PRACTICES INC
1780615260,Niketa J Chheda,UNIVERSITY PRIMARY CARE PRACTICES INC
1023308160,Timothy Blair Chirdon,UNIVERSITY PRIMARY CARE PRACTICES INC
1114949484,Kathleen Y Cho,UNIVERSITY PRIMARY CARE PRACTICES INC
1750360822,Donald I Cho,UNIVERSITY PRIMARY CARE PRACTICES INC
1306189030,Serah Choi,UNIVERSITY PRIMARY CARE PRACTICES INC
1598055154,Kenneth S Choi,UNIVERSITY PRIMARY CARE PRACTICES INC
1104087865,Saleem Chowdhry,UNIVERSITY PRIMARY CARE PRACTICES INC
1104316793,Kelly M Christean,UNIVERSITY PRIMARY CARE PRACTICES INC
1578525903,Jeffrey S Christian,UNIVERSITY PRIMARY CARE PRACTICES INC
1720222144,James V Cireddu,UNIVERSITY PRIMARY CARE PRACTICES INC
1194766204,Robert A Cirino,UNIVERSITY PRIMARY CARE PRACTICES INC
1356415012,Jennifer R Clapper,UNIVERSITY PRIMARY CARE PRACTICES INC
1215998927,Lisa M Clark,UNIVERSITY PRIMARY CARE PRACTICES INC
1124374319,Ali K Clayton,UNIVERSITY PRIMARY CARE PRACTICES INC
1316152465,Theresa A Clemens,UNIVERSITY PRIMARY CARE PRACTICES INC
1265429237,Steven L Cochran,UNIVERSITY PRIMARY CARE PRACTICES INC
1740389675,David P Cogan,UNIVERSITY PRIMARY CARE PRACTICES INC
1780621854,James H Cohen,UNIVERSITY PRIMARY CARE PRACTICES INC
1609997071,John E Coletta,UNIVERSITY PRIMARY CARE PRACTICES INC
1699194654,Paul M Coletta,UNIVERSITY PRIMARY CARE PRACTICES INC
1023252988,Jennifer M Coliadis,UNIVERSITY PRIMARY CARE PRACTICES INC
1982923066,Gretchen G Collins,UNIVERSITY PRIMARY CARE PRACTICES INC
1851490528,Marcia L Columbro,UNIVERSITY PRIMARY CARE PRACTICES INC
1891882296,Elizabeth M Confalone,UNIVERSITY PRIMARY CARE PRACTICES INC
1073801965,Randi Connor,UNIVERSITY PRIMARY CARE PRACTICES INC
1992960702,Constantinos Constantinou,UNIVERSITY PRIMARY CARE PRACTICES INC
1871803676,Shannon M Convery,UNIVERSITY PRIMARY CARE PRACTICES INC
1205876505,Stephanie H Conwell,UNIVERSITY PRIMARY CARE PRACTICES INC
1427087907,Robert C Corn,UNIVERSITY PRIMARY CARE PRACTICES INC
1720186067,Annette C Cosentino-Bressi,UNIVERSITY PRIMARY CARE PRACTICES INC
1164511994,Maria J Coutinho,UNIVERSITY PRIMARY CARE PRACTICES INC
1093812687,Charles J Coven,UNIVERSITY PRIMARY CARE PRACTICES INC
1134135841,James M Coviello,UNIVERSITY PRIMARY CARE PRACTICES INC
1548374739,Dale H Cowan,UNIVERSITY PRIMARY CARE PRACTICES INC
1306875851,Daniel J Cowden,UNIVERSITY PRIMARY CARE PRACTICES INC
1104881739,Cathleen A Coyne,UNIVERSITY PRIMARY CARE PRACTICES INC
1245522028,Dane A Coyne,UNIVERSITY PRIMARY CARE PRACTICES INC
1043504780,Edward A Craft,UNIVERSITY PRIMARY CARE PRACTICES INC
1134331440,Jack W Cramer,UNIVERSITY PRIMARY CARE PRACTICES INC
1891702247,Karen S Crawford,UNIVERSITY PRIMARY CARE PRACTICES INC
1699910372,Carrie A Cregar,UNIVERSITY PRIMARY CARE PRACTICES INC
1396798245,Natasha R Cruz,UNIVERSITY PRIMARY CARE PRACTICES INC
1629364690,Anthony R Cucci,UNIVERSITY PRIMARY CARE PRACTICES INC
1689056475,Sherry L Cucci,UNIVERSITY PRIMARY CARE PRACTICES INC
1164929725,Christine L Culver,UNIVERSITY PRIMARY CARE PRACTICES INC
1609892140,James F Cunagin,UNIVERSITY PRIMARY CARE PRACTICES INC
1639133309,Anthony F Daher,UNIVERSITY PRIMARY CARE PRACTICES INC
1881601557,Donald A Dahlen,UNIVERSITY PRIMARY CARE PRACTICES INC
1265434120,Chantal I Dalencour,UNIVERSITY PRIMARY CARE PRACTICES INC
1477829356,Robert W Dallara,UNIVERSITY PRIMARY CARE PRACTICES INC
1629026919,Joseph J Dallessio,UNIVERSITY PRIMARY CARE PRACTICES INC
1851354898,Louis L Damico,UNIVERSITY PRIMARY CARE PRACTICES INC
1447349287,Naser A Danan,UNIVERSITY PRIMARY CARE PRACTICES INC
1104192459,Anna M Dang,UNIVERSITY PRIMARY CARE PRACTICES INC
1831209618,Howard I Darvin,UNIVERSITY PRIMARY CARE PRACTICES INC
1053380055,Ahmed M Darwish,UNIVERSITY PRIMARY CARE PRACTICES INC
1194717199,Lori B Davello,UNIVERSITY PRIMARY CARE PRACTICES INC
1528162237,Laura J David,UNIVERSITY PRIMARY CARE PRACTICES INC
1942560222,Joel David,UNIVERSITY PRIMARY CARE PRACTICES INC
1699869685,Sarah A Davies,UNIVERSITY PRIMARY CARE PRACTICES INC
1184726820,Christopher J Davis,UNIVERSITY PRIMARY CARE PRACTICES INC
1114919222,Laura A Davisluarde,UNIVERSITY PRIMARY CARE PRACTICES INC
1164519047,Steve J Dean,UNIVERSITY PRIMARY CARE PRACTICES INC
1497788756,Baz P Debaz,UNIVERSITY PRIMARY CARE PRACTICES INC
1386622298,Ernest R Degidio,UNIVERSITY PRIMARY CARE PRACTICES INC
1942216676,Debra A Dejoseph,UNIVERSITY PRIMARY CARE PRACTICES INC
1467568790,Joan E Delahay,UNIVERSITY PRIMARY CARE PRACTICES INC
1497945372,Anaibelith Delrioperez,UNIVERSITY PRIMARY CARE PRACTICES INC
1033100334,William F Demas,UNIVERSITY PRIMARY CARE PRACTICES INC
1427122142,Natalie M Demyan,UNIVERSITY PRIMARY CARE PRACTICES INC
1437407012,Rodolfojose Denadaibenatti,UNIVERSITY PRIMARY CARE PRACTICES INC
1972613180,Alice M Denton,UNIVERSITY PRIMARY CARE PRACTICES INC
1114149275,Kristina L Depaolocarlin,UNIVERSITY PRIMARY CARE PRACTICES INC
1144538737,Zachary D Depriest,UNIVERSITY PRIMARY CARE PRACTICES INC
1811963978,Edie L Derian,UNIVERSITY PRIMARY CARE PRACTICES INC
1255575825,Jason P Deroulet,UNIVERSITY PRIMARY CARE PRACTICES INC
1184609638,Arpan N Desai,UNIVERSITY PRIMARY CARE PRACTICES INC
1316974520,Neelesh R Desai,UNIVERSITY PRIMARY CARE PRACTICES INC
1831595834,Kyle F Devault,UNIVERSITY PRIMARY CARE PRACTICES INC
1578552568,Harmohinder S Dhillon,UNIVERSITY PRIMARY CARE PRACTICES INC
1780840983,Jagmeet S Dhingra,UNIVERSITY PRIMARY CARE PRACTICES INC
1437254752,Lyn H Dickert-Leonard,UNIVERSITY PRIMARY CARE PRACTICES INC
1912347360,Fazel Dinary,UNIVERSITY PRIMARY CARE PRACTICES INC
1609895945,Gary W Dinger,UNIVERSITY PRIMARY CARE PRACTICES INC
1013922848,Rex W Dinsmore,UNIVERSITY PRIMARY CARE PRACTICES INC
1851543631,Amit Diwakar,UNIVERSITY PRIMARY CARE PRACTICES INC
1073515961,Michael J Dobrovich,UNIVERSITY PRIMARY CARE PRACTICES INC
1659464543,Robert M Dohar,UNIVERSITY PRIMARY CARE PRACTICES INC
1043659634,Christa L Dominick,UNIVERSITY PRIMARY CARE PRACTICES INC
1518132463,Jennifer A Dorth,UNIVERSITY PRIMARY CARE PRACTICES INC
1235161167,Terrence M Dougan,UNIVERSITY PRIMARY CARE PRACTICES INC
1629090998,Janice M Douglas,UNIVERSITY PRIMARY CARE PRACTICES INC
1992782270,Karen V Douglass,UNIVERSITY PRIMARY CARE PRACTICES INC
1669577870,Vladimir V Dubchuk,UNIVERSITY PRIMARY CARE PRACTICES INC
1518969013,David J Dulle,UNIVERSITY PRIMARY CARE PRACTICES INC
1073535340,Susan D Dumas,UNIVERSITY PRIMARY CARE PRACTICES INC
1114981404,Yolanda R Duncan,UNIVERSITY PRIMARY CARE PRACTICES INC
1629070396,Charles H Duncan,UNIVERSITY PRIMARY CARE PRACTICES INC
1609849512,Stefan A Dupont,UNIVERSITY PRIMARY CARE PRACTICES INC
1225133432,Stephen J Dutko,UNIVERSITY PRIMARY CARE PRACTICES INC
1407878770,Charles A Duvall,UNIVERSITY PRIMARY CARE PRACTICES INC
1932280872,Susan M Dykeman,UNIVERSITY PRIMARY CARE PRACTICES INC
1962507301,Sara S Eapen,UNIVERSITY PRIMARY CARE PRACTICES INC
1144642547,Jarrod D Eastep,UNIVERSITY PRIMARY CARE PRACTICES INC
1225078942,Robert M Eberlein,UNIVERSITY PRIMARY CARE PRACTICES INC
1104919224,Donald J Ebersbacher,UNIVERSITY PRIMARY CARE PRACTICES INC
1134265614,Michael B Eckstein,UNIVERSITY PRIMARY CARE PRACTICES INC
1891894721,Margaret A Eckstein,UNIVERSITY PRIMARY CARE PRACTICES INC
1285945030,Katherine H Eilenfeld,UNIVERSITY PRIMARY CARE PRACTICES INC
1821193244,Seth W Eisengart,UNIVERSITY PRIMARY CARE PRACTICES INC
1851336341,Thar Y Elbaage,UNIVERSITY PRIMARY CARE PRACTICES INC
1801899927,Joel H Elconin,UNIVERSITY PRIMARY CARE PRACTICES INC
1942632872,Pierre E Elhachem,UNIVERSITY PRIMARY CARE PRACTICES INC
1467865162,Jasmina L Ellis,UNIVERSITY PRIMARY CARE PRACTICES INC
1679508352,Rodney J Ellis,UNIVERSITY PRIMARY CARE PRACTICES INC
1073992749,Brian Enloe,UNIVERSITY PRIMARY CARE PRACTICES INC
1316029150,Ayesha Erfan,UNIVERSITY PRIMARY CARE PRACTICES INC
1497836324,Joy B Ertel,UNIVERSITY PRIMARY CARE PRACTICES INC
1710936505,William E Ervine,UNIVERSITY PRIMARY CARE PRACTICES INC
1386856698,John W Escolas,UNIVERSITY PRIMARY CARE PRACTICES INC
1649746124,Bo E Espinosa-Setchko,UNIVERSITY PRIMARY CARE PRACTICES INC
1972718849,Jason D Eubanks,UNIVERSITY PRIMARY CARE PRACTICES INC
1023039559,Lynne A Eversman,UNIVERSITY PRIMARY CARE PRACTICES INC
1124133483,Deborah L Ewing-Wilson,UNIVERSITY PRIMARY CARE PRACTICES INC
1285733964,John C Eyre,UNIVERSITY PRIMARY CARE PRACTICES INC
1376841635,Virginia M Factor,UNIVERSITY PRIMARY CARE PRACTICES INC
1417046251,Ann L Failinger,UNIVERSITY PRIMARY CARE PRACTICES INC
1508959644,Gregg H Faiman,UNIVERSITY PRIMARY CARE PRACTICES INC
1205883899,Douglas L Fall,UNIVERSITY PRIMARY CARE PRACTICES INC
1679916977,Matthew J Fanous,UNIVERSITY PRIMARY CARE PRACTICES INC
1306156419,Oluwatoyin T Fapohunda-Adekola,UNIVERSITY PRIMARY CARE PRACTICES INC
1932135613,Rosemary R Farag,UNIVERSITY PRIMARY CARE PRACTICES INC
1336172592,Arezou A Faraji,UNIVERSITY PRIMARY CARE PRACTICES INC
1750682019,Julie L Farrier,UNIVERSITY PRIMARY CARE PRACTICES INC
1205929205,Elizabeth B Feighan,UNIVERSITY PRIMARY CARE PRACTICES INC
1376589978,John E Feighan,UNIVERSITY PRIMARY CARE PRACTICES INC
1659330025,Milagres M Fernandes,UNIVERSITY PRIMARY CARE PRACTICES INC
1326155565,Martina M Ferraro,UNIVERSITY PRIMARY CARE PRACTICES INC
1184713885,Scott C Feudo,UNIVERSITY PRIMARY CARE PRACTICES INC
1891755591,Andrew Z Filiatraut,UNIVERSITY PRIMARY CARE PRACTICES INC
1003330689,Alexandra M Fine,UNIVERSITY PRIMARY CARE PRACTICES INC
1669488243,Denise L Finkelstein,UNIVERSITY PRIMARY CARE PRACTICES INC
1235244492,Kim S Fitzgerald,UNIVERSITY PRIMARY CARE PRACTICES INC
1124081427,Douglas C Fleck,UNIVERSITY PRIMARY CARE PRACTICES INC
1235428897,Daniel Fleksher,UNIVERSITY PRIMARY CARE PRACTICES INC
1629209176,Farshad Forouzandeh,UNIVERSITY PRIMARY CARE PRACTICES INC
1033131305,Carl L Forrest,UNIVERSITY PRIMARY CARE PRACTICES INC
1205822624,John C Foss,UNIVERSITY PRIMARY CARE PRACTICES INC
1659515500,Valerie C Fouts-Fowler,UNIVERSITY PRIMARY CARE PRACTICES INC
1205127024,Jonathan K Frankel,UNIVERSITY PRIMARY CARE PRACTICES INC
1235364308,Tiffany M Frazee,UNIVERSITY PRIMARY CARE PRACTICES INC
1346449014,Rebecca A Fredrick,UNIVERSITY PRIMARY CARE PRACTICES INC
1376526731,Wendy J Freedman,UNIVERSITY PRIMARY CARE PRACTICES INC
1689630345,Samuel L Friedlander,UNIVERSITY PRIMARY CARE PRACTICES INC
1134241284,Judah D Friedman,UNIVERSITY PRIMARY CARE PRACTICES INC
1952487134,Molly Friedman,UNIVERSITY PRIMARY CARE PRACTICES INC
1598122954,Joseph P Furlan,UNIVERSITY PRIMARY CARE PRACTICES INC
1215927314,Patrick T Furness,UNIVERSITY PRIMARY CARE PRACTICES INC
1134415656,Vineeta Gahlawat,UNIVERSITY PRIMARY CARE PRACTICES INC
1134123516,Steven A Gaich,UNIVERSITY PRIMARY CARE PRACTICES INC
1164664561,Eric D Gaines,UNIVERSITY PRIMARY CARE PRACTICES INC
1871735662,Stephanie L Gaines,UNIVERSITY PRIMARY CARE PRACTICES INC
1033290945,Marilee L Gallagher,UNIVERSITY PRIMARY CARE PRACTICES INC
1447200076,Timothy J Gallagher,UNIVERSITY PRIMARY CARE PRACTICES INC
1003880139,Steven A Galun,UNIVERSITY PRIMARY CARE PRACTICES INC
1598865685,Andrew S Garner,UNIVERSITY PRIMARY CARE PRACTICES INC
1144545864,Betsy L Garratt,UNIVERSITY PRIMARY CARE PRACTICES INC
1821330937,Jessica R Garuccio,UNIVERSITY PRIMARY CARE PRACTICES INC
1417039835,George B Gascoigne,UNIVERSITY PRIMARY CARE PRACTICES INC
1013918762,Vicenta C Gaspar-Yoo,UNIVERSITY PRIMARY CARE PRACTICES INC
1780785360,James E Gavacs,UNIVERSITY PRIMARY CARE PRACTICES INC
1003929381,Gerald E Gavlak,UNIVERSITY PRIMARY CARE PRACTICES INC
1922288596,Casey J Gayer,UNIVERSITY PRIMARY CARE PRACTICES INC
1275522765,Hans C Geho,UNIVERSITY PRIMARY CARE PRACTICES INC
1255301941,Daniel W Gembus,UNIVERSITY PRIMARY CARE PRACTICES INC
1174573984,Stephany A George,UNIVERSITY PRIMARY CARE PRACTICES INC
1801024070,Gretchen V Gerace,UNIVERSITY PRIMARY CARE PRACTICES INC
1831105667,Kevin T Geraci,UNIVERSITY PRIMARY CARE PRACTICES INC
1871673038,Ernesto A Gerardo,UNIVERSITY PRIMARY CARE PRACTICES INC
1245556117,Jennifer S Gerckens,UNIVERSITY PRIMARY CARE PRACTICES INC
1205829488,Bruce A Gerlach,UNIVERSITY PRIMARY CARE PRACTICES INC
1003929555,Mark H Gersten,UNIVERSITY PRIMARY CARE PRACTICES INC
1568658276,Tarek R Gharibeh,UNIVERSITY PRIMARY CARE PRACTICES INC
1407894090,Gohar V Ghazarian,UNIVERSITY PRIMARY CARE PRACTICES INC
1558362491,Marwan T Ghazoul,UNIVERSITY PRIMARY CARE PRACTICES INC
1518048453,Cynthia R Gherman,UNIVERSITY PRIMARY CARE PRACTICES INC
1174797203,Peter M Ghobrial,UNIVERSITY PRIMARY CARE PRACTICES INC
1851399026,Shelana M Gibbsmcelvy,UNIVERSITY PRIMARY CARE PRACTICES INC
1104936640,Philip L Gigliotti,UNIVERSITY PRIMARY CARE PRACTICES INC
1508074931,Shannon C Gilham,UNIVERSITY PRIMARY CARE PRACTICES INC
1629070511,Mark J Gipson,UNIVERSITY PRIMARY CARE PRACTICES INC
1821020298,David W Glasser,UNIVERSITY PRIMARY CARE PRACTICES INC
1356404099,Melvin E Glover,UNIVERSITY PRIMARY CARE PRACTICES INC
1295786770,Reuben B Gobezie,UNIVERSITY PRIMARY CARE PRACTICES INC
1790952604,David M Godfrey,UNIVERSITY PRIMARY CARE PRACTICES INC
1689606006,Amitabh P Goel,UNIVERSITY PRIMARY CARE PRACTICES INC
1881891281,Rishi K Goel,UNIVERSITY PRIMARY CARE PRACTICES INC
1932164217,James M Goldfarb,UNIVERSITY PRIMARY CARE PRACTICES INC
1205858586,Mark M Goldfinger,UNIVERSITY PRIMARY CARE PRACTICES INC
1326035395,Eileen K Goldman,UNIVERSITY PRIMARY CARE PRACTICES INC
1972718179,Tracy E Goldman,UNIVERSITY PRIMARY CARE PRACTICES INC
1811948987,Joshua D Goldner,UNIVERSITY PRIMARY CARE PRACTICES INC
1740382449,Jessica R Goldstein,UNIVERSITY PRIMARY CARE PRACTICES INC
1366522500,Gregory G Golonka,UNIVERSITY PRIMARY CARE PRACTICES INC
1487676763,Evan R Goodman,UNIVERSITY PRIMARY CARE PRACTICES INC
1871787879,Roger Goomber,UNIVERSITY PRIMARY CARE PRACTICES INC
1144205436,Mary M Gorjanc,UNIVERSITY PRIMARY CARE PRACTICES INC
1760654750,Peter T Gotsis,UNIVERSITY PRIMARY CARE PRACTICES INC
1851639504,Ibrahima Goudiaby,UNIVERSITY PRIMARY CARE PRACTICES INC
1730101015,Raymond G Graber,UNIVERSITY PRIMARY CARE PRACTICES INC
1790842656,Kathleen T Grady,UNIVERSITY PRIMARY CARE PRACTICES INC
1548277726,William N Grant,UNIVERSITY PRIMARY CARE PRACTICES INC
1851322242,Kristen E Grant,UNIVERSITY PRIMARY CARE PRACTICES INC
1164514618,Patricia A Gray,UNIVERSITY PRIMARY CARE PRACTICES INC
1881884062,Maggie D Green,UNIVERSITY PRIMARY CARE PRACTICES INC
1740543446,Scott Aaron Greenberg,UNIVERSITY PRIMARY CARE PRACTICES INC
1518387174,Gregory M Greene,UNIVERSITY PRIMARY CARE PRACTICES INC
1609087725,Anna A Grinberg,UNIVERSITY PRIMARY CARE PRACTICES INC
1639149115,Ewa M Gross-Sawicka,UNIVERSITY PRIMARY CARE PRACTICES INC
1407826910,Michael J Grusenmeyer,UNIVERSITY PRIMARY CARE PRACTICES INC
1770682973,Marc E Guay,UNIVERSITY PRIMARY CARE PRACTICES INC
1003808007,Sara F Guerrero-Duby,UNIVERSITY PRIMARY CARE PRACTICES INC
1083900252,David A Gumucio,UNIVERSITY PRIMARY CARE PRACTICES INC
1437479284,Anandhi J Gunder,UNIVERSITY PRIMARY CARE PRACTICES INC
1316148679,Julie L Gunzler,UNIVERSITY PRIMARY CARE PRACTICES INC
1316043680,Usha Gupta,UNIVERSITY PRIMARY CARE PRACTICES INC
1780653154,Anjan Gupta,UNIVERSITY PRIMARY CARE PRACTICES INC
1811950181,Tamara L Gutierrez,UNIVERSITY PRIMARY CARE PRACTICES INC
1609028109,Ravi K Guttikonda,UNIVERSITY PRIMARY CARE PRACTICES INC
1952667297,Hacer Guvencbicer,UNIVERSITY PRIMARY CARE PRACTICES INC
1649384959,Dennis J Guy,UNIVERSITY PRIMARY CARE PRACTICES INC
1558598086,Timothy L Haaga,UNIVERSITY PRIMARY CARE PRACTICES INC
1891717179,Adam J Haas,UNIVERSITY PRIMARY CARE PRACTICES INC
1396737383,Donald D Hackenberg,UNIVERSITY PRIMARY CARE PRACTICES INC
1811187750,Valerie A Hadam,UNIVERSITY PRIMARY CARE PRACTICES INC
1730286568,Ghassan F Haddad,UNIVERSITY PRIMARY CARE PRACTICES INC
1932369279,Mersiha R Hadziahmetovic,UNIVERSITY PRIMARY CARE PRACTICES INC
1780764910,Elizabeth A Hagen,UNIVERSITY PRIMARY CARE PRACTICES INC
1417282484,Adham Hajabdulkader,UNIVERSITY PRIMARY CARE PRACTICES INC
1639113293,Robert J Haller,UNIVERSITY PRIMARY CARE PRACTICES INC
1902868086,Carmen K Hansford,UNIVERSITY PRIMARY CARE PRACTICES INC
1295822203,Robert P Harasty,UNIVERSITY PRIMARY CARE PRACTICES INC
1205880143,Jill A Harmat,UNIVERSITY PRIMARY CARE PRACTICES INC
1174751119,Holly L Harper,UNIVERSITY PRIMARY CARE PRACTICES INC
1407877707,Craig K Harris,UNIVERSITY PRIMARY CARE PRACTICES INC
1427069897,Eleanor E Harris,UNIVERSITY PRIMARY CARE PRACTICES INC
1083626956,Charles W Haver,UNIVERSITY PRIMARY CARE PRACTICES INC
1033176664,Curtis W Hawkins,UNIVERSITY PRIMARY CARE PRACTICES INC
1235643412,Kellimarie Hay,UNIVERSITY PRIMARY CARE PRACTICES INC
1679675375,Emil R Hayek,UNIVERSITY PRIMARY CARE PRACTICES INC
1215972195,Sandra V Hazra,UNIVERSITY PRIMARY CARE PRACTICES INC
1497744734,Anupinder S Hazra,UNIVERSITY PRIMARY CARE PRACTICES INC
1912952748,Meghan M Hazra,UNIVERSITY PRIMARY CARE PRACTICES INC
1528160348,David J Headen,UNIVERSITY PRIMARY CARE PRACTICES INC
1801850359,Bryan R Hecht,UNIVERSITY PRIMARY CARE PRACTICES INC
1386955490,Mada Helou,UNIVERSITY PRIMARY CARE PRACTICES INC
1528200904,Joseph W Henderson,UNIVERSITY PRIMARY CARE PRACTICES INC
1679991905,Tristan E Henn,UNIVERSITY PRIMARY CARE PRACTICES INC
1225027337,Cynthia L Henry,UNIVERSITY PRIMARY CARE PRACTICES INC
1568567543,Lilia M Henry,UNIVERSITY PRIMARY CARE PRACTICES INC
1659378131,Kristine A Herrmann-Pelagalli,UNIVERSITY PRIMARY CARE PRACTICES INC
1740260413,Jeffrey A Hershey,UNIVERSITY PRIMARY CARE PRACTICES INC
1336245760,Andrew R Hertz,UNIVERSITY PRIMARY CARE PRACTICES INC
1184738619,Craig M Hileman,UNIVERSITY PRIMARY CARE PRACTICES INC
1083712319,Erin M Hillard,UNIVERSITY PRIMARY CARE PRACTICES INC
1326148560,Bradley G Hillard,UNIVERSITY PRIMARY CARE PRACTICES INC
1801839832,Sherry A Hillier,UNIVERSITY PRIMARY CARE PRACTICES INC
1255355954,Irving A Hirsch,UNIVERSITY PRIMARY CARE PRACTICES INC
1760571566,Alan M Hirsh,UNIVERSITY PRIMARY CARE PRACTICES INC
1073725396,Frank M Hiti,UNIVERSITY PRIMARY CARE PRACTICES INC
1821376559,Jane S Hoashi,UNIVERSITY PRIMARY CARE PRACTICES INC
1760460356,Brant S Holtzmeier,UNIVERSITY PRIMARY CARE PRACTICES INC
1396293817,Amanda C Homady,UNIVERSITY PRIMARY CARE PRACTICES INC
1780751289,Soghra S Homafar,UNIVERSITY PRIMARY CARE PRACTICES INC
1194168625,Jessica L Hone,UNIVERSITY PRIMARY CARE PRACTICES INC
1891044939,Kristin Horansky,UNIVERSITY PRIMARY CARE PRACTICES INC
1881714301,Gina V Horne,UNIVERSITY PRIMARY CARE PRACTICES INC
1285681387,Louis A Horwitz,UNIVERSITY PRIMARY CARE PRACTICES INC
1598749673,Ihab A Hosny,UNIVERSITY PRIMARY CARE PRACTICES INC
1013208438,Evan C Howe,UNIVERSITY PRIMARY CARE PRACTICES INC
1336141811,Sean D Hoynes,UNIVERSITY PRIMARY CARE PRACTICES INC
1437247418,Shin E Huang,UNIVERSITY PRIMARY CARE PRACTICES INC
1639308232,Xuan Huang,UNIVERSITY PRIMARY CARE PRACTICES INC
1548210362,Paul A Hudock,UNIVERSITY PRIMARY CARE PRACTICES INC
1194769695,Robert D Hudson,UNIVERSITY PRIMARY CARE PRACTICES INC
1336128693,Atul R Hulyalkar,UNIVERSITY PRIMARY CARE PRACTICES INC
1962508374,Karen M Hummel,UNIVERSITY PRIMARY CARE PRACTICES INC
1982681938,Michael J Hungerman,UNIVERSITY PRIMARY CARE PRACTICES INC
1205894698,Steven Hunyadi,UNIVERSITY PRIMARY CARE PRACTICES INC
1558529404,Aamir Hussain,UNIVERSITY PRIMARY CARE PRACTICES INC
1295799690,Joseph T Iemma,UNIVERSITY PRIMARY CARE PRACTICES INC
1811093222,Antoaneta I Ilieva,UNIVERSITY PRIMARY CARE PRACTICES INC
1326065145,Clark D Iorio,UNIVERSITY PRIMARY CARE PRACTICES INC
1720298599,Sara R Irvin,UNIVERSITY PRIMARY CARE PRACTICES INC
1770581787,Mansour S Isckarus,UNIVERSITY PRIMARY CARE PRACTICES INC
1023001203,Saira B Ismail,UNIVERSITY PRIMARY CARE PRACTICES INC
1275531899,Indiresha Ramachandra Iyer,UNIVERSITY PRIMARY CARE PRACTICES INC
1588765630,Joann A Jackson,UNIVERSITY PRIMARY CARE PRACTICES INC
1518979962,Kari M Jacono,UNIVERSITY PRIMARY CARE PRACTICES INC
1346232188,Mona Jagetia,UNIVERSITY PRIMARY CARE PRACTICES INC
1770546681,Ali A Jahan,UNIVERSITY PRIMARY CARE PRACTICES INC
1780779918,Rachana Jain,UNIVERSITY PRIMARY CARE PRACTICES INC
1013983154,Sarah E Jakubowski,UNIVERSITY PRIMARY CARE PRACTICES INC
1730285248,Thomas I Janicki,UNIVERSITY PRIMARY CARE PRACTICES INC
1447460126,Patrick J Janovick,UNIVERSITY PRIMARY CARE PRACTICES INC
1477693364,Michael J Jarosick,UNIVERSITY PRIMARY CARE PRACTICES INC
1851300875,John J Jasper,UNIVERSITY PRIMARY CARE PRACTICES INC
1962577726,Edward F Jastrzemski,UNIVERSITY PRIMARY CARE PRACTICES INC
1467526970,Armelle Y Jemmy-Nouafo,UNIVERSITY PRIMARY CARE PRACTICES INC
1417974056,John P Jentes,UNIVERSITY PRIMARY CARE PRACTICES INC
1811334147,Brittney M Jergovich,UNIVERSITY PRIMARY CARE PRACTICES INC
1972568053,Randy M Jernejcic,UNIVERSITY PRIMARY CARE PRACTICES INC
1538125885,Michael L Jesse,UNIVERSITY PRIMARY CARE PRACTICES INC
1295121036,Gloria A Johns,UNIVERSITY PRIMARY CARE PRACTICES INC
1013926278,Steven L Johnson,UNIVERSITY PRIMARY CARE PRACTICES INC
1255384848,Julie Z Johnson,UNIVERSITY PRIMARY CARE PRACTICES INC
1306800305,Brian K Johnson,UNIVERSITY PRIMARY CARE PRACTICES INC
1093716755,Julie O Jones,UNIVERSITY PRIMARY CARE PRACTICES INC
1366599219,Catherine A Jones,UNIVERSITY PRIMARY CARE PRACTICES INC
1720220650,Alicia M Jones,UNIVERSITY PRIMARY CARE PRACTICES INC
1861435893,Paul W Jones,UNIVERSITY PRIMARY CARE PRACTICES INC
1164836508,Shivani B Joshi,UNIVERSITY PRIMARY CARE PRACTICES INC
1417156217,Katherine M Joyce,UNIVERSITY PRIMARY CARE PRACTICES INC
1992254981,Stephany A Judd,UNIVERSITY PRIMARY CARE PRACTICES INC
1770590028,Philip D Junglas,UNIVERSITY PRIMARY CARE PRACTICES INC
1275526428,Abdallah I Kabbara,UNIVERSITY PRIMARY CARE PRACTICES INC
1477555357,Matthew A Kacir,UNIVERSITY PRIMARY CARE PRACTICES INC
1952648032,Kimberly M Kainec,UNIVERSITY PRIMARY CARE PRACTICES INC
1790104412,Nicole F Kaiser,UNIVERSITY PRIMARY CARE PRACTICES INC
1831173046,Nadia K Kaisi,UNIVERSITY PRIMARY CARE PRACTICES INC
1295841542,Robert S Kakish,UNIVERSITY PRIMARY CARE PRACTICES INC
1225225816,Vijay Kakumanu,UNIVERSITY PRIMARY CARE PRACTICES INC
1699857938,Peggy A Kaminski,UNIVERSITY PRIMARY CARE PRACTICES INC
1316030307,Teresa M Kammerman,UNIVERSITY PRIMARY CARE PRACTICES INC
1427057207,Manjot K Kang,UNIVERSITY PRIMARY CARE PRACTICES INC
1760583587,Jon D Kannensohn,UNIVERSITY PRIMARY CARE PRACTICES INC
1568620755,Samuel B Kaplan,UNIVERSITY PRIMARY CARE PRACTICES INC
1831432897,Brendan F Kappus,UNIVERSITY PRIMARY CARE PRACTICES INC
1780941914,Varun Kapur,UNIVERSITY PRIMARY CARE PRACTICES INC
1861930844,Emily A Kasminsky,UNIVERSITY PRIMARY CARE PRACTICES INC
1154330744,Jerald N Katcher,UNIVERSITY PRIMARY CARE PRACTICES INC
1447267703,Georgianna P Kates,UNIVERSITY PRIMARY CARE PRACTICES INC
1578850244,Jessica V Katz,UNIVERSITY PRIMARY CARE PRACTICES INC
1790880235,Cheryl L Katz,UNIVERSITY PRIMARY CARE PRACTICES INC
1528085164,Chad A Kaufman,UNIVERSITY PRIMARY CARE PRACTICES INC
1982665691,Nina Kaushal,UNIVERSITY PRIMARY CARE PRACTICES INC
1730285214,Julie C Keller,UNIVERSITY PRIMARY CARE PRACTICES INC
1558627539,Kevin D Kelley,UNIVERSITY PRIMARY CARE PRACTICES INC
1326144809,Patricia J Kellner,UNIVERSITY PRIMARY CARE PRACTICES INC
1346284296,Lawrence T Kent,UNIVERSITY PRIMARY CARE PRACTICES INC
1750584371,Magid Keramati,UNIVERSITY PRIMARY CARE PRACTICES INC
1861621344,Lauren E Kerr,UNIVERSITY PRIMARY CARE PRACTICES INC
1437359585,Ayla A Kessler,UNIVERSITY PRIMARY CARE PRACTICES INC
1003918780,Philip H Keyser,UNIVERSITY PRIMARY CARE PRACTICES INC
1760645428,Joseph E Khabbaza,UNIVERSITY PRIMARY CARE PRACTICES INC
1255358115,Leena Khaitan,UNIVERSITY PRIMARY CARE PRACTICES INC
1225092521,Rahul P Khandekar,UNIVERSITY PRIMARY CARE PRACTICES INC
1396092755,Ruba A Khattab,UNIVERSITY PRIMARY CARE PRACTICES INC
1205833084,Amer S Khouri,UNIVERSITY PRIMARY CARE PRACTICES INC
1295114387,Samantha Kiefer,UNIVERSITY PRIMARY CARE PRACTICES INC
1609168327,Jae Y Kim,UNIVERSITY PRIMARY CARE PRACTICES INC
1063453116,Thomas J King,UNIVERSITY PRIMARY CARE PRACTICES INC
1922050780,Jack D King,UNIVERSITY PRIMARY CARE PRACTICES INC
1568951861,Jocelyn M Kinkade,UNIVERSITY PRIMARY CARE PRACTICES INC
1225137920,Sona S Kirpekar,UNIVERSITY PRIMARY CARE PRACTICES INC
1568564284,Wendy A Kissinger,UNIVERSITY PRIMARY CARE PRACTICES INC
1174554349,Jonathan E Klarfeld,UNIVERSITY PRIMARY CARE PRACTICES INC
1124061106,Paul A Klatte,UNIVERSITY PRIMARY CARE PRACTICES INC
1942564802,Mary E Klecka,UNIVERSITY PRIMARY CARE PRACTICES INC
1356786453,Adam B Klein,UNIVERSITY PRIMARY CARE PRACTICES INC
1265425235,John C Klick,UNIVERSITY PRIMARY CARE PRACTICES INC
1992021869,Kristin M Klosterman,UNIVERSITY PRIMARY CARE PRACTICES INC
1790881258,Kent A Knauer,UNIVERSITY PRIMARY CARE PRACTICES INC
1548467038,Gabrielle M Koczab,UNIVERSITY PRIMARY CARE PRACTICES INC
1962419234,Michael K Koehler,UNIVERSITY PRIMARY CARE PRACTICES INC
1043206295,Robin D Kollman,UNIVERSITY PRIMARY CARE PRACTICES INC
1366841322,Melissa Katherine Kollman,UNIVERSITY PRIMARY CARE PRACTICES INC
1275534380,Ildiko T Kondray,UNIVERSITY PRIMARY CARE PRACTICES INC
1083710974,Nafisa B Kondru,UNIVERSITY PRIMARY CARE PRACTICES INC
1699867093,Feng-Ming P Kong,UNIVERSITY PRIMARY CARE PRACTICES INC
1467436923,Robert M Konstan,UNIVERSITY PRIMARY CARE PRACTICES INC
1588769004,Michael V Koroly,UNIVERSITY PRIMARY CARE PRACTICES INC
1487630323,Olga B Kovacevic,UNIVERSITY PRIMARY CARE PRACTICES INC
1447493002,Bledar Kovaci,UNIVERSITY PRIMARY CARE PRACTICES INC
1750898284,Alexander S Krausman,UNIVERSITY PRIMARY CARE PRACTICES INC
1649256801,John K Krebs,UNIVERSITY PRIMARY CARE PRACTICES INC
1881947224,Hayley R Kreisher,UNIVERSITY PRIMARY CARE PRACTICES INC
1528134921,John C Kromalic,UNIVERSITY PRIMARY CARE PRACTICES INC
1548489040,Richard S Krupkin,UNIVERSITY PRIMARY CARE PRACTICES INC
1952513277,Nicholas J Ksenich,UNIVERSITY PRIMARY CARE PRACTICES INC
1780764977,Marie M Kuchynski,UNIVERSITY PRIMARY CARE PRACTICES INC
1700953148,Robert M Kuhnhenn,UNIVERSITY PRIMARY CARE PRACTICES INC
1255429783,Praveer Kumar,UNIVERSITY PRIMARY CARE PRACTICES INC
1679569552,Unni P Kumar,UNIVERSITY PRIMARY CARE PRACTICES INC
1730461237,Ajay Kumar,UNIVERSITY PRIMARY CARE PRACTICES INC
1851533020,Aryavarta M Kumar,UNIVERSITY PRIMARY CARE PRACTICES INC
1841266756,Norman H Kumins,UNIVERSITY PRIMARY CARE PRACTICES INC
1619959558,Steven L Kutnick,UNIVERSITY PRIMARY CARE PRACTICES INC
1114962602,Rogener B Lacerna,UNIVERSITY PRIMARY CARE PRACTICES INC
1669428769,Pamela L Lancaster,UNIVERSITY PRIMARY CARE PRACTICES INC
1407119191,Daphne B Landau,UNIVERSITY PRIMARY CARE PRACTICES INC
1104037357,Isabelle E Lane,UNIVERSITY PRIMARY CARE PRACTICES INC
1316265663,Crystal Lantz-Degeorge,UNIVERSITY PRIMARY CARE PRACTICES INC
1598729840,William A Larchian,UNIVERSITY PRIMARY CARE PRACTICES INC
1326072257,Aaron D Lareau,UNIVERSITY PRIMARY CARE PRACTICES INC
1326097379,Theresa A Lash-Ritter,UNIVERSITY PRIMARY CARE PRACTICES INC
1932209855,Robert S Lavey,UNIVERSITY PRIMARY CARE PRACTICES INC
1750615720,Margaret E Lawless,UNIVERSITY PRIMARY CARE PRACTICES INC
1427152925,Zinaida L Lebedeva,UNIVERSITY PRIMARY CARE PRACTICES INC
1588766216,Roseanna M Lechner,UNIVERSITY PRIMARY CARE PRACTICES INC
1861467037,Jai H Lee,UNIVERSITY PRIMARY CARE PRACTICES INC
1871588053,Samuel S Lee,UNIVERSITY PRIMARY CARE PRACTICES INC
1700981479,Dominic S Lefoer,UNIVERSITY PRIMARY CARE PRACTICES INC
1851593412,John M Leland,UNIVERSITY PRIMARY CARE PRACTICES INC
1568568426,Shreeniwas Lele,UNIVERSITY PRIMARY CARE PRACTICES INC
1851398853,Doris M Leone,UNIVERSITY PRIMARY CARE PRACTICES INC
1124022066,Steven L Lepsky,UNIVERSITY PRIMARY CARE PRACTICES INC
1730168659,Patricia A Levan,UNIVERSITY PRIMARY CARE PRACTICES INC
1306809728,Jared S Levin,UNIVERSITY PRIMARY CARE PRACTICES INC
1174754659,Seth D Levine,UNIVERSITY PRIMARY CARE PRACTICES INC
1467472837,Matthew E Levy,UNIVERSITY PRIMARY CARE PRACTICES INC
1679653828,Michelle L Levymandalla,UNIVERSITY PRIMARY CARE PRACTICES INC
1174807184,Jensen Lewis,UNIVERSITY PRIMARY CARE PRACTICES INC
1013188630,Xin Li,UNIVERSITY PRIMARY CARE PRACTICES INC
1235457961,Jun Li,UNIVERSITY PRIMARY CARE PRACTICES INC
1356514186,Pamela H Li,UNIVERSITY PRIMARY CARE PRACTICES INC
1689770513,Julia A Libecco,UNIVERSITY PRIMARY CARE PRACTICES INC
1184608770,Mark Libertin,UNIVERSITY PRIMARY CARE PRACTICES INC
1114929080,Lawrence K Lief,UNIVERSITY PRIMARY CARE PRACTICES INC
1245740661,Ellen Lintner,UNIVERSITY PRIMARY CARE PRACTICES INC
1821198342,David N Linz,UNIVERSITY PRIMARY CARE PRACTICES INC
1942569074,Christopher M Linz,UNIVERSITY PRIMARY CARE PRACTICES INC
1164481305,Achilles E Litao,UNIVERSITY PRIMARY CARE PRACTICES INC
1326301003,Julia Loeb,UNIVERSITY PRIMARY CARE PRACTICES INC
1598015125,Aram B Loeb,UNIVERSITY PRIMARY CARE PRACTICES INC
1568468569,Katherine A Longsdorf,UNIVERSITY PRIMARY CARE PRACTICES INC
1700853850,Bryan D Loos,UNIVERSITY PRIMARY CARE PRACTICES INC
1346203858,Charles A Lopresti,UNIVERSITY PRIMARY CARE PRACTICES INC
1861455370,Michael A Lopresti,UNIVERSITY PRIMARY CARE PRACTICES INC
1326154915,Allan S Love,UNIVERSITY PRIMARY CARE PRACTICES INC
1366483463,Christopher J Loyke,UNIVERSITY PRIMARY CARE PRACTICES INC
1588763429,Ghai C Lu,UNIVERSITY PRIMARY CARE PRACTICES INC
1720281249,Jeffrey H Luk,UNIVERSITY PRIMARY CARE PRACTICES INC
1750587754,Arminda L Lumapas,UNIVERSITY PRIMARY CARE PRACTICES INC
1669613592,Lili A Lustig,UNIVERSITY PRIMARY CARE PRACTICES INC
1477879864,David Ly,UNIVERSITY PRIMARY CARE PRACTICES INC
1427344639,Meghan E Lynchljubi,UNIVERSITY PRIMARY CARE PRACTICES INC
1003825605,Janice A Lyons,UNIVERSITY PRIMARY CARE PRACTICES INC
1457307787,Sean V Lyons,UNIVERSITY PRIMARY CARE PRACTICES INC
1336320456,Scott W Mabee,UNIVERSITY PRIMARY CARE PRACTICES INC
1295728475,Charles L Maccallum,UNIVERSITY PRIMARY CARE PRACTICES INC
1841373362,Mary C Macdonald,UNIVERSITY PRIMARY CARE PRACTICES INC
1528081437,Mitchell Machtay,UNIVERSITY PRIMARY CARE PRACTICES INC
1457315103,Roger M Macklis,UNIVERSITY PRIMARY CARE PRACTICES INC
1740442730,Jonathan B Macknin,UNIVERSITY PRIMARY CARE PRACTICES INC
1679889521,Joseph A Maclellan,UNIVERSITY PRIMARY CARE PRACTICES INC
1194786822,Karla J Madalin,UNIVERSITY PRIMARY CARE PRACTICES INC
1114056413,Gayatri Madan-Mohan,UNIVERSITY PRIMARY CARE PRACTICES INC
1093197105,Kristina B Maditz,UNIVERSITY PRIMARY CARE PRACTICES INC
1194718692,Neeraj Mahajan,UNIVERSITY PRIMARY CARE PRACTICES INC
1285727164,Taras T Mahlay,UNIVERSITY PRIMARY CARE PRACTICES INC
1275847063,Fadeel Hassan Mahmood,UNIVERSITY PRIMARY CARE PRACTICES INC
1407876220,Hassan M Malik,UNIVERSITY PRIMARY CARE PRACTICES INC
1649610114,Muhammad R Malik,UNIVERSITY PRIMARY CARE PRACTICES INC
1730101106,Mark D Malinowski,UNIVERSITY PRIMARY CARE PRACTICES INC
1003368978,Kaitlin E Maloney,UNIVERSITY PRIMARY CARE PRACTICES INC
1104841949,Gerald E Maloney,UNIVERSITY PRIMARY CARE PRACTICES INC
1962510800,Michael G Mancuso,UNIVERSITY PRIMARY CARE PRACTICES INC
1215998463,Edmundo R Mandac,UNIVERSITY PRIMARY CARE PRACTICES INC
1194805374,Chenguttai J Manohar,UNIVERSITY PRIMARY CARE PRACTICES INC
1215145628,Nadia U Mansour,UNIVERSITY PRIMARY CARE PRACTICES INC
1669499125,David B Mansur,UNIVERSITY PRIMARY CARE PRACTICES INC
1720195811,Valsa J Mariappuram,UNIVERSITY PRIMARY CARE PRACTICES INC
1851408959,Myra J Mark,UNIVERSITY PRIMARY CARE PRACTICES INC
1881782936,Matthew M Mark,UNIVERSITY PRIMARY CARE PRACTICES INC
1316987944,William D Markley,UNIVERSITY PRIMARY CARE PRACTICES INC
1114913258,Frederick P Marquinez,UNIVERSITY PRIMARY CARE PRACTICES INC
1275752503,Kavitha Marri,UNIVERSITY PRIMARY CARE PRACTICES INC
1720239395,David G Marsh,UNIVERSITY PRIMARY CARE PRACTICES INC
1720236003,Gerard J Martin,UNIVERSITY PRIMARY CARE PRACTICES INC
1972684850,Lawrence N Martin,UNIVERSITY PRIMARY CARE PRACTICES INC
1942648027,Matthew D Mascioli,UNIVERSITY PRIMARY CARE PRACTICES INC
1861412108,Walter W Masny,UNIVERSITY PRIMARY CARE PRACTICES INC
1518065580,Laura S Mason,UNIVERSITY PRIMARY CARE PRACTICES INC
1750517397,Ziad Masri,UNIVERSITY PRIMARY CARE PRACTICES INC
1851378822,Ramiz S Masri,UNIVERSITY PRIMARY CARE PRACTICES INC
1093811879,Scott L Massien,UNIVERSITY PRIMARY CARE PRACTICES INC
1932158391,Kevin J Masterson,UNIVERSITY PRIMARY CARE PRACTICES INC
1891802823,Raichal T Mathew,UNIVERSITY PRIMARY CARE PRACTICES INC
1376705822,Arun D Mathur,UNIVERSITY PRIMARY CARE PRACTICES INC
1871897215,Maroun Matta,UNIVERSITY PRIMARY CARE PRACTICES INC
1245264993,Richard H Matthews,UNIVERSITY PRIMARY CARE PRACTICES INC
1598726473,Michael E May,UNIVERSITY PRIMARY CARE PRACTICES INC
1780830950,Myttle A Mayuga,UNIVERSITY PRIMARY CARE PRACTICES INC
1558565929,Kenneth R Mazer,UNIVERSITY PRIMARY CARE PRACTICES INC
1023568169,Jacquelyn R Mccloskey,UNIVERSITY PRIMARY CARE PRACTICES INC
1558524082,Beth M Mccloud,UNIVERSITY PRIMARY CARE PRACTICES INC
1922290196,David A Mcconoughey,UNIVERSITY PRIMARY CARE PRACTICES INC
1518195189,Michael S Mcdermott,UNIVERSITY PRIMARY CARE PRACTICES INC
1255549432,Heather D Mcfarland,UNIVERSITY PRIMARY CARE PRACTICES INC
1063478857,Brenda L Mcghee,UNIVERSITY PRIMARY CARE PRACTICES INC
1831142140,Patrick J Mcintyre,UNIVERSITY PRIMARY CARE PRACTICES INC
1063495406,Timothy J Mcknight,UNIVERSITY PRIMARY CARE PRACTICES INC
1568430296,Patricia A Mcnamara,UNIVERSITY PRIMARY CARE PRACTICES INC
1962446047,Sean M Mcneeley,UNIVERSITY PRIMARY CARE PRACTICES INC
1497700033,Daniel J Mcneil,UNIVERSITY PRIMARY CARE PRACTICES INC
1568660256,Roopa P Meda,UNIVERSITY PRIMARY CARE PRACTICES INC
1255313342,Smita Mehta,UNIVERSITY PRIMARY CARE PRACTICES INC
1710060215,Rajendra K Mehta,UNIVERSITY PRIMARY CARE PRACTICES INC
1669645974,Marc J Mellion,UNIVERSITY PRIMARY CARE PRACTICES INC
1235235003,Stacey J Memberg,UNIVERSITY PRIMARY CARE PRACTICES INC
1760760185,Rachel B Mendenhall,UNIVERSITY PRIMARY CARE PRACTICES INC
1427036391,Suresh D Mendpara,UNIVERSITY PRIMARY CARE PRACTICES INC
1427041714,Gregory B Menendez,UNIVERSITY PRIMARY CARE PRACTICES INC
1225058985,Edward A Michelson,UNIVERSITY PRIMARY CARE PRACTICES INC
1124149869,Heather C Mielke,UNIVERSITY PRIMARY CARE PRACTICES INC
1487750253,Yasser S Mikhail,UNIVERSITY PRIMARY CARE PRACTICES INC
1508946708,Josephine R Mikhail,UNIVERSITY PRIMARY CARE PRACTICES INC
1194236612,Sarah T Milam,UNIVERSITY PRIMARY CARE PRACTICES INC
1104922962,Jill C Miller,UNIVERSITY PRIMARY CARE PRACTICES INC
1205386448,Allyssa K Miller,UNIVERSITY PRIMARY CARE PRACTICES INC
1417117524,Jennifer A Miller,UNIVERSITY PRIMARY CARE PRACTICES INC
1861724387,Benjamin R Miller,UNIVERSITY PRIMARY CARE PRACTICES INC
1740220086,Annette R Millie,UNIVERSITY PRIMARY CARE PRACTICES INC
1871868687,Jessica A Milliman,UNIVERSITY PRIMARY CARE PRACTICES INC
1780650697,Howard B Minott,UNIVERSITY PRIMARY CARE PRACTICES INC
1427019678,Paul V Miotto,UNIVERSITY PRIMARY CARE PRACTICES INC
1154609782,Maria C Mirmaresma,UNIVERSITY PRIMARY CARE PRACTICES INC
1528069952,Niraj C Mistry,UNIVERSITY PRIMARY CARE PRACTICES INC
1811004773,Darshan B Mistry,UNIVERSITY PRIMARY CARE PRACTICES INC
1952407850,Joyce M Mitchell,UNIVERSITY PRIMARY CARE PRACTICES INC
1528007143,Raju Modi,UNIVERSITY PRIMARY CARE PRACTICES INC
1730576695,Kimberly N Mohar,UNIVERSITY PRIMARY CARE PRACTICES INC
1588624316,Shalini S Mohindra,UNIVERSITY PRIMARY CARE PRACTICES INC
1720222813,Babak Robert Moini,UNIVERSITY PRIMARY CARE PRACTICES INC
1275878787,Shaffer R Mok,UNIVERSITY PRIMARY CARE PRACTICES INC
1114993326,Jeanette A Moleski,UNIVERSITY PRIMARY CARE PRACTICES INC
1356343974,Tyra L Mone,UNIVERSITY PRIMARY CARE PRACTICES INC
1194835306,Karen M Monheim,UNIVERSITY PRIMARY CARE PRACTICES INC
1225010168,Kenneth E Mooney,UNIVERSITY PRIMARY CARE PRACTICES INC
1740292853,James H Mooney,UNIVERSITY PRIMARY CARE PRACTICES INC
1619980067,Janet D Morgan,UNIVERSITY PRIMARY CARE PRACTICES INC
1649255753,John B Moritz,UNIVERSITY PRIMARY CARE PRACTICES INC
1063598837,Heidi A Morris,UNIVERSITY PRIMARY CARE PRACTICES INC
1194144048,Brandon M Morris,UNIVERSITY PRIMARY CARE PRACTICES INC
1508956343,Crystal L Mosca,UNIVERSITY PRIMARY CARE PRACTICES INC
1881940591,Kathleen D Mosesrogers,UNIVERSITY PRIMARY CARE PRACTICES INC
1558490748,Sami E Moufawad,UNIVERSITY PRIMARY CARE PRACTICES INC
1194730580,Yoram Y Moyal,UNIVERSITY PRIMARY CARE PRACTICES INC
1336135474,Bashar A Mubashir,UNIVERSITY PRIMARY CARE PRACTICES INC
1700807849,Girish D Mulgaokar,UNIVERSITY PRIMARY CARE PRACTICES INC
1518067628,Lori S Mullen,UNIVERSITY PRIMARY CARE PRACTICES INC
1962907972,Matthew D Muller,UNIVERSITY PRIMARY CARE PRACTICES INC
1124111273,Erika A Mulligan,UNIVERSITY PRIMARY CARE PRACTICES INC
1255569208,Maina N Mungai,UNIVERSITY PRIMARY CARE PRACTICES INC
1134212111,Valji D Munjapara,UNIVERSITY PRIMARY CARE PRACTICES INC
1144484445,Amani Munshi,UNIVERSITY PRIMARY CARE PRACTICES INC
1366604613,Ogechi H Muoh,UNIVERSITY PRIMARY CARE PRACTICES INC
1063481596,Timothy C Murray,UNIVERSITY PRIMARY CARE PRACTICES INC
1346346194,Martha L Myers,UNIVERSITY PRIMARY CARE PRACTICES INC
1508050899,Teresa A Myers,UNIVERSITY PRIMARY CARE PRACTICES INC
1619995826,Andrew H Myers,UNIVERSITY PRIMARY CARE PRACTICES INC
1972505865,James H Myers,UNIVERSITY PRIMARY CARE PRACTICES INC
1710197256,Christa I Nagel,UNIVERSITY PRIMARY CARE PRACTICES INC
1619961588,Priti Nair,UNIVERSITY PRIMARY CARE PRACTICES INC
1942443981,Tinatin Narsia,UNIVERSITY PRIMARY CARE PRACTICES INC
1972508182,Melissa M Nassif-Pla,UNIVERSITY PRIMARY CARE PRACTICES INC
1477560696,Thomas H Naumoff,UNIVERSITY PRIMARY CARE PRACTICES INC
1275890303,Ashwini Nayak,UNIVERSITY PRIMARY CARE PRACTICES INC
1639271752,Hemanta K Nayak,UNIVERSITY PRIMARY CARE PRACTICES INC
1306800511,Douglas F Naylor,UNIVERSITY PRIMARY CARE PRACTICES INC
1861704140,Timothy R Neely,UNIVERSITY PRIMARY CARE PRACTICES INC
1447336946,Susan A Neilsen,UNIVERSITY PRIMARY CARE PRACTICES INC
1336239029,Kenneth E Nekl,UNIVERSITY PRIMARY CARE PRACTICES INC
1568446177,Richard L Nelson,UNIVERSITY PRIMARY CARE PRACTICES INC
1386640191,Wendy G Nelson-Brown,UNIVERSITY PRIMARY CARE PRACTICES INC
1245564137,Sean M Newbill,UNIVERSITY PRIMARY CARE PRACTICES INC
1144587262,Elizabeth A Newsome,UNIVERSITY PRIMARY CARE PRACTICES INC
1437578838,Erin N Newton,UNIVERSITY PRIMARY CARE PRACTICES INC
1568636934,Ranier A Ng,UNIVERSITY PRIMARY CARE PRACTICES INC
1124108261,Vinh T Nguyen,UNIVERSITY PRIMARY CARE PRACTICES INC
1972005544,Thuy K Nguyen,UNIVERSITY PRIMARY CARE PRACTICES INC
1063593044,Jeffrey A Nielson,UNIVERSITY PRIMARY CARE PRACTICES INC
1730284241,Andrea S Nikonchik,UNIVERSITY PRIMARY CARE PRACTICES INC
1972764314,Shiraz A Nisar,UNIVERSITY PRIMARY CARE PRACTICES INC
1497861744,Carol L Noall,UNIVERSITY PRIMARY CARE PRACTICES INC
1407168610,Robert J Norman,UNIVERSITY PRIMARY CARE PRACTICES INC
1114032141,Louis J Novak,UNIVERSITY PRIMARY CARE PRACTICES INC
1366550709,Felix C Nwaokafor,UNIVERSITY PRIMARY CARE PRACTICES INC
1871910042,Megan L Oberhauser,UNIVERSITY PRIMARY CARE PRACTICES INC
1487911814,Lucy K Obrien,UNIVERSITY PRIMARY CARE PRACTICES INC
1497710933,Scot J Occhionero,UNIVERSITY PRIMARY CARE PRACTICES INC
1164804746,Amaka R Odonwodo,UNIVERSITY PRIMARY CARE PRACTICES INC
1235387416,Olusegun A Odukoya,UNIVERSITY PRIMARY CARE PRACTICES INC
1902995731,Janet L Ohara,UNIVERSITY PRIMARY CARE PRACTICES INC
1043202252,James E Ohliger,UNIVERSITY PRIMARY CARE PRACTICES INC
1477655959,Emmanuel C Okafor,UNIVERSITY PRIMARY CARE PRACTICES INC
1134111255,Niculina R Olariu,UNIVERSITY PRIMARY CARE PRACTICES INC
1871521096,Katherine A Oshea,UNIVERSITY PRIMARY CARE PRACTICES INC
1336174242,Roger Ove,UNIVERSITY PRIMARY CARE PRACTICES INC
1437446093,Ryan L Pack,UNIVERSITY PRIMARY CARE PRACTICES INC
1881636926,Carrie L Page,UNIVERSITY PRIMARY CARE PRACTICES INC
1285615476,Walter P Paladino,UNIVERSITY PRIMARY CARE PRACTICES INC
1881686624,Gabriella G Palma,UNIVERSITY PRIMARY CARE PRACTICES INC
1831323393,Kristopher M Palmer,UNIVERSITY PRIMARY CARE PRACTICES INC
1821080920,Vidya M Pandit,UNIVERSITY PRIMARY CARE PRACTICES INC
1275648792,Vasu Pandrangi,UNIVERSITY PRIMARY CARE PRACTICES INC
1417165705,Alan L Panteck,UNIVERSITY PRIMARY CARE PRACTICES INC
1205126083,Eric C Panzner,UNIVERSITY PRIMARY CARE PRACTICES INC
1245344431,Lincoln K Pao,UNIVERSITY PRIMARY CARE PRACTICES INC
1831104223,Irina I Papirova,UNIVERSITY PRIMARY CARE PRACTICES INC
1760700231,Sravanthi Parasa,UNIVERSITY PRIMARY CARE PRACTICES INC
1073588414,Sanjay R Parikh,UNIVERSITY PRIMARY CARE PRACTICES INC
1952307514,Hoon H Park,UNIVERSITY PRIMARY CARE PRACTICES INC
1487758124,Paula J Parker-Deuley,UNIVERSITY PRIMARY CARE PRACTICES INC
1992757959,Jeffrey C Parks,UNIVERSITY PRIMARY CARE PRACTICES INC
1609038348,Rajvinder Parmar,UNIVERSITY PRIMARY CARE PRACTICES INC
1689625295,Christopher E Parnell,UNIVERSITY PRIMARY CARE PRACTICES INC
1154403921,David C Parris,UNIVERSITY PRIMARY CARE PRACTICES INC
1992915656,Michael A Passero,UNIVERSITY PRIMARY CARE PRACTICES INC
1790770923,Darshana G Patel,UNIVERSITY PRIMARY CARE PRACTICES INC
1831157056,Anilkumar R Patel,UNIVERSITY PRIMARY CARE PRACTICES INC
1255743787,Bradley N Patton,UNIVERSITY PRIMARY CARE PRACTICES INC
1790197135,Meighan J Patton,UNIVERSITY PRIMARY CARE PRACTICES INC
1750480448,Charles H Pavluk,UNIVERSITY PRIMARY CARE PRACTICES INC
1205878790,Pratheep Pawa,UNIVERSITY PRIMARY CARE PRACTICES INC
1619978384,Matthew B Pawlicki,UNIVERSITY PRIMARY CARE PRACTICES INC
1083655377,Harry B Pearce,UNIVERSITY PRIMARY CARE PRACTICES INC
1891895538,John W Peck,UNIVERSITY PRIMARY CARE PRACTICES INC
1912937194,Roger S Peckham,UNIVERSITY PRIMARY CARE PRACTICES INC
1578775805,Abraham O Pedro,UNIVERSITY PRIMARY CARE PRACTICES INC
1962540757,Florin Penciu,UNIVERSITY PRIMARY CARE PRACTICES INC
1326200387,Charles Y Peng,UNIVERSITY PRIMARY CARE PRACTICES INC
1730310673,John D Peralta-Olivieri,UNIVERSITY PRIMARY CARE PRACTICES INC
1700881224,Robert S Perhala,UNIVERSITY PRIMARY CARE PRACTICES INC
1720218449,Pranav Periyalwar,UNIVERSITY PRIMARY CARE PRACTICES INC
1306948039,Pamela A Perozeni,UNIVERSITY PRIMARY CARE PRACTICES INC
1366550790,James M Persky,UNIVERSITY PRIMARY CARE PRACTICES INC
1942465224,Nicholas L Pesa,UNIVERSITY PRIMARY CARE PRACTICES INC
1659385359,William J Petersilge,UNIVERSITY PRIMARY CARE PRACTICES INC
1477568863,Roman R Petroff,UNIVERSITY PRIMARY CARE PRACTICES INC
1649400524,Michael E Petrosky,UNIVERSITY PRIMARY CARE PRACTICES INC
1003064825,Cherie R Phillips,UNIVERSITY PRIMARY CARE PRACTICES INC
1841224771,Sharyl P Pickering,UNIVERSITY PRIMARY CARE PRACTICES INC
1588982037,Suriyamurthy M Pillai,UNIVERSITY PRIMARY CARE PRACTICES INC
1912918095,Anthony J Pipitone,UNIVERSITY PRIMARY CARE PRACTICES INC
1790715340,James T Pizarro,UNIVERSITY PRIMARY CARE PRACTICES INC
1457432437,Michelle M Platz,UNIVERSITY PRIMARY CARE PRACTICES INC
1467564914,Keith L Ponitz,UNIVERSITY PRIMARY CARE PRACTICES INC
1487779757,Paul B Poommipanit,UNIVERSITY PRIMARY CARE PRACTICES INC
1265694194,Matthew A Popa,UNIVERSITY PRIMARY CARE PRACTICES INC
1194718189,Robert P Porter,UNIVERSITY PRIMARY CARE PRACTICES INC
1689603995,Lawrence M Porter,UNIVERSITY PRIMARY CARE PRACTICES INC
1528097946,Lauren O Portman,UNIVERSITY PRIMARY CARE PRACTICES INC
1093026544,Stephen J Posluszny,UNIVERSITY PRIMARY CARE PRACTICES INC
1114134061,Brian S Postma,UNIVERSITY PRIMARY CARE PRACTICES INC
1710190046,Douglas J Potoczak,UNIVERSITY PRIMARY CARE PRACTICES INC
1992941991,Amy M Pound,UNIVERSITY PRIMARY CARE PRACTICES INC
1396718672,James R Powell,UNIVERSITY PRIMARY CARE PRACTICES INC
1376521286,Valerie L Powers,UNIVERSITY PRIMARY CARE PRACTICES INC
1174838528,Deepa Prasad,UNIVERSITY PRIMARY CARE PRACTICES INC
1205904075,Benjamin S Prestegaard,UNIVERSITY PRIMARY CARE PRACTICES INC
1972509610,Franklin B Price,UNIVERSITY PRIMARY CARE PRACTICES INC
1902069370,Benjamin T Prince,UNIVERSITY PRIMARY CARE PRACTICES INC
1811001183,David B Pugh,UNIVERSITY PRIMARY CARE PRACTICES INC
1346284890,Brian S Putka,UNIVERSITY PRIMARY CARE PRACTICES INC
1548689565,Manesha Putra,UNIVERSITY PRIMARY CARE PRACTICES INC
1184724551,Mahboob A Quaderi,UNIVERSITY PRIMARY CARE PRACTICES INC
1659687721,Dany A Raad,UNIVERSITY PRIMARY CARE PRACTICES INC
1578554846,Douglas L Raber,UNIVERSITY PRIMARY CARE PRACTICES INC
1821089442,Danielle N Raber,UNIVERSITY PRIMARY CARE PRACTICES INC
1174749907,John C Rabets,UNIVERSITY PRIMARY CARE PRACTICES INC
1770746828,Evan A Rae,UNIVERSITY PRIMARY CARE PRACTICES INC
1326326968,Shine K Raju,UNIVERSITY PRIMARY CARE PRACTICES INC
1467836031,Aman N Ramella,UNIVERSITY PRIMARY CARE PRACTICES INC
1366481830,James C Ramicone,UNIVERSITY PRIMARY CARE PRACTICES INC
1881856243,Mary E Ramirez,UNIVERSITY PRIMARY CARE PRACTICES INC
1740211549,Elizabeth S Ranasinghe,UNIVERSITY PRIMARY CARE PRACTICES INC
1437113842,Marianne P Raniol,UNIVERSITY PRIMARY CARE PRACTICES INC
1346453131,Bharati S Rao,UNIVERSITY PRIMARY CARE PRACTICES INC
1669587747,Susan D Raphaely,UNIVERSITY PRIMARY CARE PRACTICES INC
1265456297,David S Rapkin,UNIVERSITY PRIMARY CARE PRACTICES INC
1477545655,Mohammad H Rashid,UNIVERSITY PRIMARY CARE PRACTICES INC
1639163728,Mohammad Rashid,UNIVERSITY PRIMARY CARE PRACTICES INC
1720333222,Susan M Ratay,UNIVERSITY PRIMARY CARE PRACTICES INC
1073831335,Elenee Raudenbush,UNIVERSITY PRIMARY CARE PRACTICES INC
1356413975,William A Raux,UNIVERSITY PRIMARY CARE PRACTICES INC
1457377004,Monica N Ray,UNIVERSITY PRIMARY CARE PRACTICES INC
1437323912,Chad E Raymond,UNIVERSITY PRIMARY CARE PRACTICES INC
1518935279,Karim K Razmjouei,UNIVERSITY PRIMARY CARE PRACTICES INC
1396267795,Amanda M Reed,UNIVERSITY PRIMARY CARE PRACTICES INC
1891808135,Deborah E Reed,UNIVERSITY PRIMARY CARE PRACTICES INC
1033192810,Amy J Reedfriedman,UNIVERSITY PRIMARY CARE PRACTICES INC
1497727812,Amy M Reese,UNIVERSITY PRIMARY CARE PRACTICES INC
1831185875,Saif U Rehman,UNIVERSITY PRIMARY CARE PRACTICES INC
1629094370,Erica E Remer,UNIVERSITY PRIMARY CARE PRACTICES INC
1992805600,Patrick A Renner,UNIVERSITY PRIMARY CARE PRACTICES INC
1477659134,Lee A Resnick,UNIVERSITY PRIMARY CARE PRACTICES INC
1821208513,Kimberly E Resnick,UNIVERSITY PRIMARY CARE PRACTICES INC
1154390532,Michael A Retino,UNIVERSITY PRIMARY CARE PRACTICES INC
1790774099,Mary C Revolinsky,UNIVERSITY PRIMARY CARE PRACTICES INC
1568621159,Amanda C Reyburn,UNIVERSITY PRIMARY CARE PRACTICES INC
1427035427,Roland J Reyes,UNIVERSITY PRIMARY CARE PRACTICES INC
1952477051,Beth A Reynolds,UNIVERSITY PRIMARY CARE PRACTICES INC
1487944187,Stephanie C Reznick,UNIVERSITY PRIMARY CARE PRACTICES INC
1518187384,Richard B Rhiew,UNIVERSITY PRIMARY CARE PRACTICES INC
1992797989,Martin L Ribovich,UNIVERSITY PRIMARY CARE PRACTICES INC
1023106473,Sheila M Rice,UNIVERSITY PRIMARY CARE PRACTICES INC
1023022183,Justin T Rich,UNIVERSITY PRIMARY CARE PRACTICES INC
1053846071,Faith A Richard,UNIVERSITY PRIMARY CARE PRACTICES INC
1285671578,Robert F Richardson,UNIVERSITY PRIMARY CARE PRACTICES INC
1619969110,Monique A Richardson,UNIVERSITY PRIMARY CARE PRACTICES INC
1659363752,William S Richardson,UNIVERSITY PRIMARY CARE PRACTICES INC
1225020449,Jason D Ridgel,UNIVERSITY PRIMARY CARE PRACTICES INC
1336343201,Dawn E Riebe,UNIVERSITY PRIMARY CARE PRACTICES INC
1952370090,Michelle R Riley,UNIVERSITY PRIMARY CARE PRACTICES INC
1649231804,Tracy L Ringo,UNIVERSITY PRIMARY CARE PRACTICES INC
1184616682,Michael J Rish,UNIVERSITY PRIMARY CARE PRACTICES INC
1437211307,Gary M Ritten,UNIVERSITY PRIMARY CARE PRACTICES INC
1487672622,Gary A Ritz,UNIVERSITY PRIMARY CARE PRACTICES INC
1407061385,Eliot S Ro,UNIVERSITY PRIMARY CARE PRACTICES INC
1073619714,Laurel E Roach-Armao,UNIVERSITY PRIMARY CARE PRACTICES INC
1134481682,Grant A Roberts,UNIVERSITY PRIMARY CARE PRACTICES INC
1891706016,David G Roberts,UNIVERSITY PRIMARY CARE PRACTICES INC
1770582686,Steven P Robertson,UNIVERSITY PRIMARY CARE PRACTICES INC
1831136993,Harold D Robinson,UNIVERSITY PRIMARY CARE PRACTICES INC
1942296090,Arlene G Roble,UNIVERSITY PRIMARY CARE PRACTICES INC
1255741021,George A Robles,UNIVERSITY PRIMARY CARE PRACTICES INC
1649370917,Kim M Robusto,UNIVERSITY PRIMARY CARE PRACTICES INC
1932205770,Lisa M Rock,UNIVERSITY PRIMARY CARE PRACTICES INC
1679691562,Steven R Rodgers,UNIVERSITY PRIMARY CARE PRACTICES INC
1881610129,Mark S Rodgers,UNIVERSITY PRIMARY CARE PRACTICES INC
1467667774,Craig P Rodriguez,UNIVERSITY PRIMARY CARE PRACTICES INC
1477812485,Karen J Rodriguez-Velazquez,UNIVERSITY PRIMARY CARE PRACTICES INC
1336212992,Allison M Rogish,UNIVERSITY PRIMARY CARE PRACTICES INC
1265407696,Tomasz G Rogula,UNIVERSITY PRIMARY CARE PRACTICES INC
1427075969,Lynne D Romero,UNIVERSITY PRIMARY CARE PRACTICES INC
1801906003,Julie A Ronyak,UNIVERSITY PRIMARY CARE PRACTICES INC
1053406678,Regina M Rosace,UNIVERSITY PRIMARY CARE PRACTICES INC
1063499242,Samuel K Rosenberg,UNIVERSITY PRIMARY CARE PRACTICES INC
1578669305,David M Rosenberg,UNIVERSITY PRIMARY CARE PRACTICES INC
1407922511,Alan L Rosenwasser,UNIVERSITY PRIMARY CARE PRACTICES INC
1205852225,Jennifer A Rossi,UNIVERSITY PRIMARY CARE PRACTICES INC
1265441794,Brooke V Rossi,UNIVERSITY PRIMARY CARE PRACTICES INC
1548366370,Elisabeth S Roter,UNIVERSITY PRIMARY CARE PRACTICES INC
1801998893,Mark A Roth,UNIVERSITY PRIMARY CARE PRACTICES INC
1194814939,Barbara G Rowane,UNIVERSITY PRIMARY CARE PRACTICES INC
1336167147,Michael P Rowane,UNIVERSITY PRIMARY CARE PRACTICES INC
1851388714,Kimberly S Royal,UNIVERSITY PRIMARY CARE PRACTICES INC
1265445530,Raymond W Rozman,UNIVERSITY PRIMARY CARE PRACTICES INC
1710097050,David N Rubin,UNIVERSITY PRIMARY CARE PRACTICES INC
1790728988,Stephen A Rudolph,UNIVERSITY PRIMARY CARE PRACTICES INC
1164685608,Allison S Rund,UNIVERSITY PRIMARY CARE PRACTICES INC
1902847528,Debra A Russell,UNIVERSITY PRIMARY CARE PRACTICES INC
1063437515,Suzanne M Russo,UNIVERSITY PRIMARY CARE PRACTICES INC
1295900512,Nicholas A Russo,UNIVERSITY PRIMARY CARE PRACTICES INC
1598861312,Daniel D Rzepka,UNIVERSITY PRIMARY CARE PRACTICES INC
1013984145,Michael G Saalouke,UNIVERSITY PRIMARY CARE PRACTICES INC
1972685295,Zane Y Saalouke,UNIVERSITY PRIMARY CARE PRACTICES INC
1194702019,Barbara J Saar,UNIVERSITY PRIMARY CARE PRACTICES INC
1538157938,Mehran Saboori,UNIVERSITY PRIMARY CARE PRACTICES INC
1790726800,Stephanie J Sadlon,UNIVERSITY PRIMARY CARE PRACTICES INC
1851543664,Lonna L Safko,UNIVERSITY PRIMARY CARE PRACTICES INC
1760861264,Nour I Salameh,UNIVERSITY PRIMARY CARE PRACTICES INC
1164560959,Ali J Saleh,UNIVERSITY PRIMARY CARE PRACTICES INC
1841292893,Ayman A Saleh,UNIVERSITY PRIMARY CARE PRACTICES INC
1376822114,Abdul J Samdani,UNIVERSITY PRIMARY CARE PRACTICES INC
1649296237,Juan R Sanabria,UNIVERSITY PRIMARY CARE PRACTICES INC
1366649261,Harkeet S Sandhu,UNIVERSITY PRIMARY CARE PRACTICES INC
1386937472,Dominic V Sanniti,UNIVERSITY PRIMARY CARE PRACTICES INC
1386675163,Suzana S Sarac-Leonard,UNIVERSITY PRIMARY CARE PRACTICES INC
1164462875,Michael E Saridakis,UNIVERSITY PRIMARY CARE PRACTICES INC
1245287879,George P Saridakis,UNIVERSITY PRIMARY CARE PRACTICES INC
1821039116,Manuel P Saridakis,UNIVERSITY PRIMARY CARE PRACTICES INC
1619012457,Alice I Sato,UNIVERSITY PRIMARY CARE PRACTICES INC
1013981414,Jenny K Sawyer,UNIVERSITY PRIMARY CARE PRACTICES INC
1104088285,Abraham Sayon,UNIVERSITY PRIMARY CARE PRACTICES INC
1306945233,Suzanne S Schaffer,UNIVERSITY PRIMARY CARE PRACTICES INC
1346259983,Susan M Schardt,UNIVERSITY PRIMARY CARE PRACTICES INC
1770594467,Joan E Schiller,UNIVERSITY PRIMARY CARE PRACTICES INC
1326064254,Edward T Schirack,UNIVERSITY PRIMARY CARE PRACTICES INC
1750348207,Keith E Schlechte,UNIVERSITY PRIMARY CARE PRACTICES INC
1063619427,William F Schleicher,UNIVERSITY PRIMARY CARE PRACTICES INC
1700084399,Rachel E Schlesinger,UNIVERSITY PRIMARY CARE PRACTICES INC
1275549701,Thomas J Schmeiser,UNIVERSITY PRIMARY CARE PRACTICES INC
1376556654,Adrian M Schnall,UNIVERSITY PRIMARY CARE PRACTICES INC
1285826487,Jennifer M Schneidler,UNIVERSITY PRIMARY CARE PRACTICES INC
1659394393,James J Schulte,UNIVERSITY PRIMARY CARE PRACTICES INC
1831137751,Grae L Schuster,UNIVERSITY PRIMARY CARE PRACTICES INC
1609837582,Sharon L Scully,UNIVERSITY PRIMARY CARE PRACTICES INC
1710921374,James L Sechler,UNIVERSITY PRIMARY CARE PRACTICES INC
1497730220,Allen M Segal,UNIVERSITY PRIMARY CARE PRACTICES INC
1831178516,Robert K Seidel,UNIVERSITY PRIMARY CARE PRACTICES INC
1649251703,Michael J Seider,UNIVERSITY PRIMARY CARE PRACTICES INC
1316232861,Saada A Seidu,UNIVERSITY PRIMARY CARE PRACTICES INC
1518961903,Anthony J Senagore,UNIVERSITY PRIMARY CARE PRACTICES INC
1003909169,James A Senft,UNIVERSITY PRIMARY CARE PRACTICES INC
1871889907,Anna Serels,UNIVERSITY PRIMARY CARE PRACTICES INC
1922107549,Donna J Sexton-Cicero,UNIVERSITY PRIMARY CARE PRACTICES INC
1467746297,David M Shafran,UNIVERSITY PRIMARY CARE PRACTICES INC
1063618411,Jaya R Shah,UNIVERSITY PRIMARY CARE PRACTICES INC
1649286360,Tushar K Shah,UNIVERSITY PRIMARY CARE PRACTICES INC
1932588399,Bianca M Shah,UNIVERSITY PRIMARY CARE PRACTICES INC
1881715563,Daniel J Shank,UNIVERSITY PRIMARY CARE PRACTICES INC
1104825629,Eric J Shapiro,UNIVERSITY PRIMARY CARE PRACTICES INC
1194720599,Stephen T Shaw,UNIVERSITY PRIMARY CARE PRACTICES INC
1275783912,Leslie A Shaw,UNIVERSITY PRIMARY CARE PRACTICES INC
1922111376,Joseph I Shawi,UNIVERSITY PRIMARY CARE PRACTICES INC
1437175346,Mona D Shay,UNIVERSITY PRIMARY CARE PRACTICES INC
1508064759,Johnathan M Sheele,UNIVERSITY PRIMARY CARE PRACTICES INC
1194078717,Douglas Joseph Sherlock,UNIVERSITY PRIMARY CARE PRACTICES INC
1336238179,Neha N Sheth,UNIVERSITY PRIMARY CARE PRACTICES INC
1912131665,David Sheyn,UNIVERSITY PRIMARY CARE PRACTICES INC
1316351083,Nicholas Shih,UNIVERSITY PRIMARY CARE PRACTICES INC
1356599716,David A Shisila,UNIVERSITY PRIMARY CARE PRACTICES INC
1760549240,Ajai A Shreevatsa,UNIVERSITY PRIMARY CARE PRACTICES INC
1487094090,Palak N Shroff,UNIVERSITY PRIMARY CARE PRACTICES INC
1942239827,Jeffrey B Shroyer,UNIVERSITY PRIMARY CARE PRACTICES INC
1528093473,Salvatore P Sidoti,UNIVERSITY PRIMARY CARE PRACTICES INC
1235114372,Claudine E Siegert,UNIVERSITY PRIMARY CARE PRACTICES INC
1326238304,Marvin S Sih,UNIVERSITY PRIMARY CARE PRACTICES INC
1962693572,Aaron H Sikowitz,UNIVERSITY PRIMARY CARE PRACTICES INC
1639490469,Daniel R Silbiger,UNIVERSITY PRIMARY CARE PRACTICES INC
1649569054,Benjamin A Silver,UNIVERSITY PRIMARY CARE PRACTICES INC
1740377449,Eli E Silver,UNIVERSITY PRIMARY CARE PRACTICES INC
1194853739,James H Silverblatt,UNIVERSITY PRIMARY CARE PRACTICES INC
1942595707,Ryan J Silverstine,UNIVERSITY PRIMARY CARE PRACTICES INC
1437463338,Marina M Sincerney,UNIVERSITY PRIMARY CARE PRACTICES INC
1275897126,Asha Singh,UNIVERSITY PRIMARY CARE PRACTICES INC
1356632053,Gurbinder Singh,UNIVERSITY PRIMARY CARE PRACTICES INC
1720200801,Inderprit I Singh,UNIVERSITY PRIMARY CARE PRACTICES INC
1720052491,Allyson L Skebe,UNIVERSITY PRIMARY CARE PRACTICES INC
1750480844,Algirdas J Skrinska,UNIVERSITY PRIMARY CARE PRACTICES INC
1346315116,Sarah E Slaterlang,UNIVERSITY PRIMARY CARE PRACTICES INC
1033221056,Khaled M Sleik,UNIVERSITY PRIMARY CARE PRACTICES INC
1427366616,Daniel R Smaltz,UNIVERSITY PRIMARY CARE PRACTICES INC
1255809588,Christian T Smith,UNIVERSITY PRIMARY CARE PRACTICES INC
1346431632,Kristen A Smith,UNIVERSITY PRIMARY CARE PRACTICES INC
1386734101,Christopher J Smith,UNIVERSITY PRIMARY CARE PRACTICES INC
1457550691,Matthew S Smith,UNIVERSITY PRIMARY CARE PRACTICES INC
1568559441,Scott B Smith,UNIVERSITY PRIMARY CARE PRACTICES INC
1912415035,Hannah M Smith,UNIVERSITY PRIMARY CARE PRACTICES INC
1578768917,Lavinia F Smultea,UNIVERSITY PRIMARY CARE PRACTICES INC
1952539264,Trisha L Snair,UNIVERSITY PRIMARY CARE PRACTICES INC
1568575017,Marc E Snelson,UNIVERSITY PRIMARY CARE PRACTICES INC
1598746752,Roger O Snyder,UNIVERSITY PRIMARY CARE PRACTICES INC
1316943178,Juan S Solis,UNIVERSITY PRIMARY CARE PRACTICES INC
1336646801,Alexander W Solt,UNIVERSITY PRIMARY CARE PRACTICES INC
1992772172,Kornelia C Solymos,UNIVERSITY PRIMARY CARE PRACTICES INC
1891870911,Grace Song,UNIVERSITY PRIMARY CARE PRACTICES INC
1548412745,Sabrina T Sood,UNIVERSITY PRIMARY CARE PRACTICES INC
1447563515,Nishanthini Sooriyapalan,UNIVERSITY PRIMARY CARE PRACTICES INC
1851509921,Brian D Southern,UNIVERSITY PRIMARY CARE PRACTICES INC
1699065375,Caroline P Soyka,UNIVERSITY PRIMARY CARE PRACTICES INC
1376708552,Gregory F Spagnuolo,UNIVERSITY PRIMARY CARE PRACTICES INC
1073769709,Dina M Sparano,UNIVERSITY PRIMARY CARE PRACTICES INC
1073503645,Beena B Sreekumar,UNIVERSITY PRIMARY CARE PRACTICES INC
1225127285,Gabriel L Stanescu,UNIVERSITY PRIMARY CARE PRACTICES INC
1861585945,Roxana M Stanescu,UNIVERSITY PRIMARY CARE PRACTICES INC
1093792889,William B Stanfield,UNIVERSITY PRIMARY CARE PRACTICES INC
1780651836,Colleen B Staszak,UNIVERSITY PRIMARY CARE PRACTICES INC
1063453611,Orest Stecyk,UNIVERSITY PRIMARY CARE PRACTICES INC
1316155989,Gregory T Stefano,UNIVERSITY PRIMARY CARE PRACTICES INC
1902869605,Michelle J Stehura,UNIVERSITY PRIMARY CARE PRACTICES INC
1326152877,Sara L Stein,UNIVERSITY PRIMARY CARE PRACTICES INC
1699876110,Richard L Stein,UNIVERSITY PRIMARY CARE PRACTICES INC
1902844780,Richard E Stein,UNIVERSITY PRIMARY CARE PRACTICES INC
1164461513,William W Steiner,UNIVERSITY PRIMARY CARE PRACTICES INC
1578944617,Michael A Steiner,UNIVERSITY PRIMARY CARE PRACTICES INC
1437134400,Caroline G Steinetz,UNIVERSITY PRIMARY CARE PRACTICES INC
1912987512,Michael D Stencel,UNIVERSITY PRIMARY CARE PRACTICES INC
1922180686,Janette M Stephenson,UNIVERSITY PRIMARY CARE PRACTICES INC
1215005319,Jason A Stern,UNIVERSITY PRIMARY CARE PRACTICES INC
1659460483,Denise I Stern,UNIVERSITY PRIMARY CARE PRACTICES INC
1932209681,John G Sternen,UNIVERSITY PRIMARY CARE PRACTICES INC
1467635284,Angela M Stetler,UNIVERSITY PRIMARY CARE PRACTICES INC
1700297702,Matthew A Stevens,UNIVERSITY PRIMARY CARE PRACTICES INC
1982015640,Marcus D Stevenson,UNIVERSITY PRIMARY CARE PRACTICES INC
1639361710,Katarina Stopko,UNIVERSITY PRIMARY CARE PRACTICES INC
1245263268,William J Stout,UNIVERSITY PRIMARY CARE PRACTICES INC
1669447611,Jodie L Strauss,UNIVERSITY PRIMARY CARE PRACTICES INC
1588753123,Peter G Striegel,UNIVERSITY PRIMARY CARE PRACTICES INC
1801851126,Cynthia M Strieter-Boland,UNIVERSITY PRIMARY CARE PRACTICES INC
1063497964,Ann M Stuart,UNIVERSITY PRIMARY CARE PRACTICES INC
1326081704,Joseph L Sturdevant,UNIVERSITY PRIMARY CARE PRACTICES INC
1003992546,Steven H Suess,UNIVERSITY PRIMARY CARE PRACTICES INC
1871881508,Saksham Sulove,UNIVERSITY PRIMARY CARE PRACTICES INC
1851408397,Dieter W Sumerauer,UNIVERSITY PRIMARY CARE PRACTICES INC
1083909238,Yan Sun,UNIVERSITY PRIMARY CARE PRACTICES INC
1922310580,Abirammy Sundaramoorthy,UNIVERSITY PRIMARY CARE PRACTICES INC
1770920175,Brian E Sunderville,UNIVERSITY PRIMARY CARE PRACTICES INC
1124056163,Jason V Sustersic,UNIVERSITY PRIMARY CARE PRACTICES INC
1851329825,Vincent P Sustersic,UNIVERSITY PRIMARY CARE PRACTICES INC
1124260435,Ian S Suzelis,UNIVERSITY PRIMARY CARE PRACTICES INC
1386624112,Qarab H Syed,UNIVERSITY PRIMARY CARE PRACTICES INC
1457551517,Tanvir U Syed,UNIVERSITY PRIMARY CARE PRACTICES INC
1629268891,Leonardo Taher,UNIVERSITY PRIMARY CARE PRACTICES INC
1861412520,Mohammad I Tahir,UNIVERSITY PRIMARY CARE PRACTICES INC
1790723997,Michael Talkar,UNIVERSITY PRIMARY CARE PRACTICES INC
1336344746,Christopher L Tangen,UNIVERSITY PRIMARY CARE PRACTICES INC
1154314581,Marie M Tani,UNIVERSITY PRIMARY CARE PRACTICES INC
1285648477,Jason R Tatka,UNIVERSITY PRIMARY CARE PRACTICES INC
1588672737,Yael R Taub,UNIVERSITY PRIMARY CARE PRACTICES INC
1710191630,Ira B Taub,UNIVERSITY PRIMARY CARE PRACTICES INC
1689625634,Mehrdad M Tavallaee,UNIVERSITY PRIMARY CARE PRACTICES INC
1851368914,Timothy N Taylor,UNIVERSITY PRIMARY CARE PRACTICES INC
1508959693,Tea A Tchelidze,UNIVERSITY PRIMARY CARE PRACTICES INC
1407274889,Kathryn M Tegeder,UNIVERSITY PRIMARY CARE PRACTICES INC
1700129889,Phillip L Telefus,UNIVERSITY PRIMARY CARE PRACTICES INC
1316148299,Francine M Terry,UNIVERSITY PRIMARY CARE PRACTICES INC
1609886290,Sanjiv S Tewari,UNIVERSITY PRIMARY CARE PRACTICES INC
1992785455,Niranjana S Thaker,UNIVERSITY PRIMARY CARE PRACTICES INC
1700968740,Senthil K Thambidorai,UNIVERSITY PRIMARY CARE PRACTICES INC
1922087741,Dale R Thomae,UNIVERSITY PRIMARY CARE PRACTICES INC
1144563685,Natalie A Thomas,UNIVERSITY PRIMARY CARE PRACTICES INC
1437355120,Roy H Thomas,UNIVERSITY PRIMARY CARE PRACTICES INC
1457367427,Heather L Thomas,UNIVERSITY PRIMARY CARE PRACTICES INC
1700878485,Agnes P Thomas,UNIVERSITY PRIMARY CARE PRACTICES INC
1730289877,John M Thomas,UNIVERSITY PRIMARY CARE PRACTICES INC
1881614931,Sapna V Thomas,UNIVERSITY PRIMARY CARE PRACTICES INC
1912955808,Robin A Thomas,UNIVERSITY PRIMARY CARE PRACTICES INC
1962768556,David H Thomas,UNIVERSITY PRIMARY CARE PRACTICES INC
1740738830,Kelcie A Thompson,UNIVERSITY PRIMARY CARE PRACTICES INC
1548239080,Christopher L Tisdel,UNIVERSITY PRIMARY CARE PRACTICES INC
1740337492,Anthony P Tizzano,UNIVERSITY PRIMARY CARE PRACTICES INC
1861493678,Vojislav G Topalsky,UNIVERSITY PRIMARY CARE PRACTICES INC
1578770616,Melissa A Tornero-Bold,UNIVERSITY PRIMARY CARE PRACTICES INC
1952741217,Konstantinos Tourlas,UNIVERSITY PRIMARY CARE PRACTICES INC
1609049873,Bryan J Traughber,UNIVERSITY PRIMARY CARE PRACTICES INC
1255460267,Mai S Trieu,UNIVERSITY PRIMARY CARE PRACTICES INC
1780995688,Deborah A Trigg,UNIVERSITY PRIMARY CARE PRACTICES INC
1447338454,Floyd Trillis,UNIVERSITY PRIMARY CARE PRACTICES INC
1891975652,Christina M Trillis,UNIVERSITY PRIMARY CARE PRACTICES INC
1538115639,Nicole C Troy,UNIVERSITY PRIMARY CARE PRACTICES INC
1598747537,Robert B Truax,UNIVERSITY PRIMARY CARE PRACTICES INC
1043410780,Joseph A Trunzo,UNIVERSITY PRIMARY CARE PRACTICES INC
1528160793,Albert R Tsai,UNIVERSITY PRIMARY CARE PRACTICES INC
1912905845,Alexander M Tucker,UNIVERSITY PRIMARY CARE PRACTICES INC
1932200573,John A Tumbush,UNIVERSITY PRIMARY CARE PRACTICES INC
1467460956,Robert M Tupa,UNIVERSITY PRIMARY CARE PRACTICES INC
1396830774,Ashwin K Turakhia,UNIVERSITY PRIMARY CARE PRACTICES INC
1134200116,Kevin L Turner,UNIVERSITY PRIMARY CARE PRACTICES INC
1992704886,Carie M Twichell,UNIVERSITY PRIMARY CARE PRACTICES INC
1518048263,Melanie D Tyler,UNIVERSITY PRIMARY CARE PRACTICES INC
1467728949,Haralambos C Tzinis,UNIVERSITY PRIMARY CARE PRACTICES INC
1639177074,Arthur S Ulatowski,UNIVERSITY PRIMARY CARE PRACTICES INC
1871777292,Chad W Ulmer,UNIVERSITY PRIMARY CARE PRACTICES INC
1831485028,Jonathan D Umbel,UNIVERSITY PRIMARY CARE PRACTICES INC
1558365957,James M Underwood,UNIVERSITY PRIMARY CARE PRACTICES INC
1861492142,Richard F Ungvarsky,UNIVERSITY PRIMARY CARE PRACTICES INC
1457336562,John M Urbancic,UNIVERSITY PRIMARY CARE PRACTICES INC
1326130303,Paula B Usis,UNIVERSITY PRIMARY CARE PRACTICES INC
1982601324,Eriks A Usis,UNIVERSITY PRIMARY CARE PRACTICES INC
1265524573,Kathleen K Utech,UNIVERSITY PRIMARY CARE PRACTICES INC
1386740264,Kimberly A Vacca,UNIVERSITY PRIMARY CARE PRACTICES INC
1225097249,Zenos A Vangelos,UNIVERSITY PRIMARY CARE PRACTICES INC
1790048387,Kristin A Vanheertum,UNIVERSITY PRIMARY CARE PRACTICES INC
1083606990,Susan M Vargo,UNIVERSITY PRIMARY CARE PRACTICES INC
1952391823,Sandhia N Varyani,UNIVERSITY PRIMARY CARE PRACTICES INC
1255430864,Virginia R Vatev,UNIVERSITY PRIMARY CARE PRACTICES INC
1871683748,Donna S Vecchione,UNIVERSITY PRIMARY CARE PRACTICES INC
1528474426,Lilygrace Veeravalli,UNIVERSITY PRIMARY CARE PRACTICES INC
1922368208,Carol L Veillette,UNIVERSITY PRIMARY CARE PRACTICES INC
1992793244,Plakkat K Velayudhan,UNIVERSITY PRIMARY CARE PRACTICES INC
1811106529,Lokesh K Venkateshaiah,UNIVERSITY PRIMARY CARE PRACTICES INC
1639327612,Roshni L Venugopal,UNIVERSITY PRIMARY CARE PRACTICES INC
1770767527,Deviprasad Venugopal,UNIVERSITY PRIMARY CARE PRACTICES INC
1114200565,Jill S Vidrine,UNIVERSITY PRIMARY CARE PRACTICES INC
1760764716,Patrick K Vidrine,UNIVERSITY PRIMARY CARE PRACTICES INC
1023224102,Sujaya S Vijayakumar,UNIVERSITY PRIMARY CARE PRACTICES INC
1871512806,Manju Vijayvargiya,UNIVERSITY PRIMARY CARE PRACTICES INC
1720076805,Felix D Vilinsky,UNIVERSITY PRIMARY CARE PRACTICES INC
1033207626,Claudia P Villabona,UNIVERSITY PRIMARY CARE PRACTICES INC
1144207143,Basavarajappa B Viswanath,UNIVERSITY PRIMARY CARE PRACTICES INC
1922092386,Ryan J Vogelgesang,UNIVERSITY PRIMARY CARE PRACTICES INC
1447269535,Pankil J Vora,UNIVERSITY PRIMARY CARE PRACTICES INC
1104817659,Vernon W Vore,UNIVERSITY PRIMARY CARE PRACTICES INC
1386663714,James E Voyk,UNIVERSITY PRIMARY CARE PRACTICES INC
1740410844,Chinmay B Vyas,UNIVERSITY PRIMARY CARE PRACTICES INC
1982630679,Neha B Vyas,UNIVERSITY PRIMARY CARE PRACTICES INC
1205949690,Timothy J Wagner,UNIVERSITY PRIMARY CARE PRACTICES INC
1396908265,Katherine M Wagner,UNIVERSITY PRIMARY CARE PRACTICES INC
1669464673,Thomas W Wagner,UNIVERSITY PRIMARY CARE PRACTICES INC
1336103704,Andrea E Waker,UNIVERSITY PRIMARY CARE PRACTICES INC
1003917568,David C Walker,UNIVERSITY PRIMARY CARE PRACTICES INC
1669764916,Kristian H Wall,UNIVERSITY PRIMARY CARE PRACTICES INC
1144587148,Lauren M Walter,UNIVERSITY PRIMARY CARE PRACTICES INC
1770881302,James D Walter,UNIVERSITY PRIMARY CARE PRACTICES INC
1053406421,Jianhua Wang,UNIVERSITY PRIMARY CARE PRACTICES INC
1134358781,Margaret C Wang,UNIVERSITY PRIMARY CARE PRACTICES INC
1427391853,Andrea D Ward,UNIVERSITY PRIMARY CARE PRACTICES INC
1710964143,Robert C Warren,UNIVERSITY PRIMARY CARE PRACTICES INC
1922022524,Nancy W Wasserbauerkingston,UNIVERSITY PRIMARY CARE PRACTICES INC
1134106974,Judith K Waters,UNIVERSITY PRIMARY CARE PRACTICES INC
1750343422,Raymond H Wawrowski,UNIVERSITY PRIMARY CARE PRACTICES INC
1649277781,Marin B Waynar,UNIVERSITY PRIMARY CARE PRACTICES INC
1508845207,Matthew S Wayne,UNIVERSITY PRIMARY CARE PRACTICES INC
1396704987,Michael G Weaver,UNIVERSITY PRIMARY CARE PRACTICES INC
1184814790,Marren J Weber,UNIVERSITY PRIMARY CARE PRACTICES INC
1245223676,Leonard M Weinberger,UNIVERSITY PRIMARY CARE PRACTICES INC
1043478068,Rachel S Weinerman,UNIVERSITY PRIMARY CARE PRACTICES INC
1093740045,Margie E Wenz,UNIVERSITY PRIMARY CARE PRACTICES INC
1336636232,Justine L Westover,UNIVERSITY PRIMARY CARE PRACTICES INC
1316366552,Lindsay R Wetzel,UNIVERSITY PRIMARY CARE PRACTICES INC
1013145424,Sarah A White,UNIVERSITY PRIMARY CARE PRACTICES INC
1801989959,Robert J Whitehouse,UNIVERSITY PRIMARY CARE PRACTICES INC
1568566107,William T Wieder,UNIVERSITY PRIMARY CARE PRACTICES INC
1629068770,Alan B Wiggers,UNIVERSITY PRIMARY CARE PRACTICES INC
1407037435,Amy E Wilber,UNIVERSITY PRIMARY CARE PRACTICES INC
1386745800,Carly W Wilbur,UNIVERSITY PRIMARY CARE PRACTICES INC
1083654198,Robert B Wilder,UNIVERSITY PRIMARY CARE PRACTICES INC
1275565186,Barbara A Williams,UNIVERSITY PRIMARY CARE PRACTICES INC
1447570072,Bradley M Williams,UNIVERSITY PRIMARY CARE PRACTICES INC
1992733026,Tara S Williams,UNIVERSITY PRIMARY CARE PRACTICES INC
1396846861,Jennifer L Williams-Reid,UNIVERSITY PRIMARY CARE PRACTICES INC
1013174200,Lindsey B Wilson,UNIVERSITY PRIMARY CARE PRACTICES INC
1316967284,Deanne E Wilson-Costello,UNIVERSITY PRIMARY CARE PRACTICES INC
1194826552,Norton A Winer,UNIVERSITY PRIMARY CARE PRACTICES INC
1821198904,John V Wirtz,UNIVERSITY PRIMARY CARE PRACTICES INC
1518368034,Julie R Wise,UNIVERSITY PRIMARY CARE PRACTICES INC
1316043284,Terry E Wiseman,UNIVERSITY PRIMARY CARE PRACTICES INC
1639130768,Lawrence J Witmer,UNIVERSITY PRIMARY CARE PRACTICES INC
1689666737,John J Wolf,UNIVERSITY PRIMARY CARE PRACTICES INC
1295835304,Nancy L Wollam-Huhn,UNIVERSITY PRIMARY CARE PRACTICES INC
1356439897,Brian M Wolovitz,UNIVERSITY PRIMARY CARE PRACTICES INC
1073548269,Milton C Wong,UNIVERSITY PRIMARY CARE PRACTICES INC
1265725097,Andrea C Wong,UNIVERSITY PRIMARY CARE PRACTICES INC
1881612901,Virginia L Wong,UNIVERSITY PRIMARY CARE PRACTICES INC
1063472868,Chongkyoo K Woo,UNIVERSITY PRIMARY CARE PRACTICES INC
1285892901,Natalie Woods,UNIVERSITY PRIMARY CARE PRACTICES INC
1588109755,Chad A Workman,UNIVERSITY PRIMARY CARE PRACTICES INC
1972793834,Yuhsin V Wu,UNIVERSITY PRIMARY CARE PRACTICES INC
1275510166,Jennifer L Wurst,UNIVERSITY PRIMARY CARE PRACTICES INC
1174512677,Gulgun F Yalcinkaya,UNIVERSITY PRIMARY CARE PRACTICES INC
1720466071,Fei Yan,UNIVERSITY PRIMARY CARE PRACTICES INC
1356413835,Emmanuel A Yanelli,UNIVERSITY PRIMARY CARE PRACTICES INC
1992769327,Youapa S Yang,UNIVERSITY PRIMARY CARE PRACTICES INC
1255332326,Min Yao,UNIVERSITY PRIMARY CARE PRACTICES INC
1568551364,Eric M Yasinow,UNIVERSITY PRIMARY CARE PRACTICES INC
1932529872,Scott M Yasinow,UNIVERSITY PRIMARY CARE PRACTICES INC
1982722450,Justin A Yax,UNIVERSITY PRIMARY CARE PRACTICES INC
1548201148,Lloyd R Yeh,UNIVERSITY PRIMARY CARE PRACTICES INC
1023284809,Philip Yen,UNIVERSITY PRIMARY CARE PRACTICES INC
1366641573,Chong U Yi,UNIVERSITY PRIMARY CARE PRACTICES INC
1033451158,Turker Yilmaz,UNIVERSITY PRIMARY CARE PRACTICES INC
1538193404,Molly M Yohann,UNIVERSITY PRIMARY CARE PRACTICES INC
1659559185,Joseph E Yonke,UNIVERSITY PRIMARY CARE PRACTICES INC
1770550428,Patricia A Yost,UNIVERSITY PRIMARY CARE PRACTICES INC
1003834284,Hazel G Young,UNIVERSITY PRIMARY CARE PRACTICES INC
1740574219,Aaron Matthew Young,UNIVERSITY PRIMARY CARE PRACTICES INC
1770771792,Bishr Younis,UNIVERSITY PRIMARY CARE PRACTICES INC
1346484862,Sarah S Youssef,UNIVERSITY PRIMARY CARE PRACTICES INC
1356453229,Liming Yu,UNIVERSITY PRIMARY CARE PRACTICES INC
1174545065,George K Yung,UNIVERSITY PRIMARY CARE PRACTICES INC
1609853183,Dawn M Zacharias,UNIVERSITY PRIMARY CARE PRACTICES INC
1023223781,Brian H Zack,UNIVERSITY PRIMARY CARE PRACTICES INC
1174787972,Manaf Zaizafoun,UNIVERSITY PRIMARY CARE PRACTICES INC
1801060157,Sherif S Zaky,UNIVERSITY PRIMARY CARE PRACTICES INC
1871771733,Keivan Zandinejad,UNIVERSITY PRIMARY CARE PRACTICES INC
1710048293,Jie Zang,UNIVERSITY PRIMARY CARE PRACTICES INC
1124005939,Robert M Zanotti,UNIVERSITY PRIMARY CARE PRACTICES INC
1891772661,Daniel J Zanotti,UNIVERSITY PRIMARY CARE PRACTICES INC
1376658500,Lisa C Zapotocky,UNIVERSITY PRIMARY CARE PRACTICES INC
1073564035,Faranak F Zarrabi,UNIVERSITY PRIMARY CARE PRACTICES INC
1144222621,Todd M Zeiger,UNIVERSITY PRIMARY CARE PRACTICES INC
1235359829,Lee C Zeiszler,UNIVERSITY PRIMARY CARE PRACTICES INC
1801873997,Cynthia B Zelis,UNIVERSITY PRIMARY CARE PRACTICES INC
1891894929,Brian D Zelis,UNIVERSITY PRIMARY CARE PRACTICES INC
1245464742,Bo Zhao,UNIVERSITY PRIMARY CARE PRACTICES INC
1992772818,John Y Zhao,UNIVERSITY PRIMARY CARE PRACTICES INC
1962666396,Yuriy O Zhukov,UNIVERSITY PRIMARY CARE PRACTICES INC
1750471777,Craig D Zippe,UNIVERSITY PRIMARY CARE PRACTICES INC
1194169219,Lisa Zipp-Partovi,UNIVERSITY PRIMARY CARE PRACTICES INC
1326358805,Brandon J Zuchowski,UNIVERSITY PRIMARY CARE PRACTICES INC
1194144840,Fahad B Zulfiqar,UNIVERSITY PRIMARY CARE PRACTICES INC
