1962477018,Anthony D Abbate
1669447009,Rakesh K Abbi
1063511970,Aiman M Abboud
1124037346,Mohamed M Abdalla
1881619153,Shahrokh Abiri
1225095292,Nada G Abou-Fayssal
1467487801,Inna Abramova
1932192333,Lourdes C Abrigo
1144419383,David M Ackman
1649467721,Roland J Adamsons
1851351571,Joseph N Addeo
1063702017,Mark H Adelman
1417946781,Debasis Adhikari
1447336755,Seetharaman Adimoolam
1659605186,Rajiv M Agashiwala
1457364804,Kamila Agayeva
1770506727,George C Aglialoro
1467558114,Toycina E Aguilh-Figaro
1366683757,Tauqeer Ahmad
1679680268,Nawaiz M Ahmad
1831187830,Hadi M Ahmad
1972525236,Shahabuddin M Ahmad
1407946833,Mikhail I Akselrud
1285831503,Nadia A Alawi-Kakomanolis
1023121704,Jamal Albdewi
1336198886,Elisabeth M Alexis
1124118831,Adib Alhaddad
1487741120,Basel Alhaddad
1649345265,Niaz Ali
1699733071,Eman S Al-Janabi
1477598191,Mishal A Alkasimi
1265443873,Maher A Almoudarres
1750451407,Bella Aloyts
1578602942,Ilham T Alqaisi
1518078286,Youssef Alraei
1578540639,Leslie T Alvarado
1346344512,Abdulla - Alwani
1437233152,Faiz O Alzoobaee
1538369418,Sreenivasrao Amara
1215906508,Tshering D Amdo
1619960028,Lisa M Amendolia
1437221207,Hossam H Amin
1275791337,Cynthia R Amirtharaj
1821013442,Suryanarayan Anand
1366471070,Ashok Anant
1558615427,Patturajah Anbumani
1891803037,Scott M Andes
1326066606,Martha Anthony
1174635916,Arshad Anwar
1760657183,George A Apergis
1275526691,Alexandru Apostol
1710093000,Liat E Applewhite
1467715367,Jennifer Aquino
1336133743,Michael Argilla
1134223472,Issam F Arnouk
1154560944,Madhat A Arnouk
1245279488,Anna Aronzon
1679574941,Renat H Arslanov
1669584173,Triponia T Artienda
1356415046,Enrico Ascher
1235353053,Ramin G Asgary
1194042895,Sait Ashina
1073568184,John A Ashkar
1962407098,Ghassan E Ashkar
1952394389,Waseem Ashraf
1225022445,Anna Asloyan
1457548497,Kichiemon Asoma
1063439099,Rami W Atallah
1053467415,Steven Athanail
1194740506,Irina Avruchevskaya
1407157928,Lyubov Avshalumova
1780772368,Abdul J Awan
1386689511,Maha Awikeh
1326298688,Myint M Aye
1306036322,Patricia R Ayoung-Chee
1952460479,Salman Azhar
1720015506,Farzana H Aziz
1740380823,Aneela Aziz
1225318397,Ridhwan Y Baba
1073538567,Ahmed M Badawy
1932147873,Shadi Badin
1881652055,Imad J Bakoss
1215945845,Rajeev L Balmiki
1710290572,Modinat Y Balogun
1750426953,Charles F Barbiere
1073603379,Lev Barsky
1356434724,Jeffrey J Basti
1437269941,John D Bauer
1063447878,Valery G Bayshtok
1033395728,Andrea S Bedrosian
1184700411,Anita C Beecham-Robinson
1528092707,Yanina Y Belotserkovskaya
1225021652,Audree A Bendo
1366534737,Catherine Beninati
1740274588,Jeffrey L Benjamin
1982921730,Terri-Ann M Bennett
1235104191,Aleksandar A Beric
1871886259,Thomas Berk
1932169307,Irina Berlin
1164599122,Suzannah D Berlyne
1598874281,Anthony F Bertelle
1639287055,Gail A Besson
1659541886,Michael Bezuevsky
1033506134,Sharonlin K Bhardwaj
1104872530,Kiran K Bhat
1013000538,Raja S Bhatia
1053514190,Mohammad B Bhatti
1740230978,Graciela C Bianco
1376598136,Yelena Birger
1447263447,Savitri R Birla
1265439129,David E Biro
1578541991,Leonard M Bley
1144425901,Sheila N Blumberg
1700894110,Sergey V Bogdan
1629040605,Allan T Bombard
1720353899,Eric E Bondarsky
1205815032,Marc X Bowen
1629336128,Benjamin D Bradford
1619954435,Gregory R Brevetti
1831397082,Hayama Brill
1396781332,Alexander Brodsky
1811972177,Vincent J Broillet
1174550503,Lance H Brown
1518981935,Howard S Brownstein
1649480229,Stephanie B Bryant
1790743342,Natalya V Bulaeva
1164748158,Melissa A Busovsky-Mcneal
1144409269,Thomas N Bustros
1316948680,Nagi J Bustros
1295729622,Irina Butoi
1356364863,Michael F Cabbad
1053418764,Pedro Cabrera
1689779373,Aurelia A Cacatian
1437254166,Jesusa C Calagos
1861432353,Robert F Calciano
1881636157,Aura C Caldera
1760610562,Stefanie C Cardamone
1447392121,Erico R Cardoso
1952383895,Jeanne M Carey
1689993115,Julie A Carlson
1346260528,Vincent A Carmusciano
1235210105,Fernando C Carnavali
1639138654,Sixto R Caro
1669451498,Joseph A Caruana
1063585180,Babrak Carvan
1831199165,Gerard M Casale
1154395473,Armando E Castro
1578634309,Sujit Chakrabarti
1205815818,Rahul K Challapalli
1043287857,Wallen C Chan
1477741981,Raymond W Chan
1558313932,Robin Y Chan
1811960446,Yeoman K Chan
1942406756,Ian H Chan
1114968385,Jonathan M Chang
1477596831,Raymond J Chang
1922268317,Karen Chang
1902806656,Edward K Chapnick
1578761185,Jeremy Y Charles
1932383262,Noami A Chaudhary
1700870136,Chung S Chee
1588663355,Muhammad A Cheema
1093793101,Henry S Chen
1235259284,Qiyuan Chen
1740280171,Yanfeng F Chen
1790750461,Catherine M Chen
1821329533,Xueyi Chen
1730117904,Jennifer Cheng
1548264005,Wellman W Cheung
1861486292,Gurmeet M Chhabra
1932188968,Santo V Chiarello
1568492650,Michael A Chieco
1255368163,Felix N Chien
1922028067,Kelly Chin
1326017898,Anup Chitnis
1952788663,Tamta Chkhikvadze
1821001736,Lanceford M Chong
1457362014,Rick H Chou
1740480706,Stephanie R Christie
1962498170,Henson Chu
1346237229,Anne J Chun
1437578820,Jose D Chuquin
1033306600,Andrea S Clarke-Moore
1649242462,Scott E Clemens
1255365409,Garfield A Clunie
1629044011,Dorrit A Coch
1114030319,Stephen W Cody
1720366206,Samuel E Cohen
1598855777,Ederliza G Concepcion
1013088400,Diana N Contreras
1053375220,Stanley G Cooper
1497730832,Ilene Z Coopersmith
1538153978,Allen Coopersmith
1154433209,Nereida Correa
1508957804,Juan A Cortes
1942499736,Benjamin Cortijo
1013165224,Carmen T Cortis
1528052966,James E Cottrell
1174562623,Thomas E Culhane
1568619708,Haitham S Dababneh
1811921711,Guorong Dai
1881644359,Mahmoud Dakhel
1629077185,Martha A Danon
1689688012,Lilya Darevskaya
1730275595,Roger W Davenport
1841412590,Helen T Davido
1942279054,Robert L Davis
1154380376,Rami K Daya
1184786949,Salvatore J Degliuomini
1487725875,Henri-Robert Delbeau
1649208513,Joseph A Demattia
1245313709,Harry G Demeo
1477536092,Mark A Demont
1962470906,Jay A Dennett
1881864312,Sheetal Desai-Oghra
1861686545,Eric S Dessner
1679581623,Orrin Devinsky
1508842519,Francis J Devito
1881607216,John C Deysine
1174592307,Osias B Diaz
1467466870,Regina M Digiovanna
1225252828,Hajir E Dilmanian
1780678128,Dennis P Dimaculangan
1942687751,Le Ding
1841225273,Maria Disilvio-Larkin
1245205798,Linda T Ditoro
1083836894,Nonkulie Z Dladla
1891806881,Alvaro J Dominguez-Echevarria
1366404790,Jean E Dorce
1053365502,Cristina M Drafta
1528034428,Perry D Drucker
1740263466,Mariapaz A Duaban
1760766786,Haiou Duan
1518158427,Sushil Duddempudi
1487814463,Francois Dufresne
1255402095,Grace M Dworan
1770585531,Duane J Dyson
1043268428,Eric D Edwards
1366427973,Harold L Eichler
1649567462,Sehar Ejaz
1174752562,Wegdan Elazzawy
1417287400,Elsayed H Eldeeb
1134447329,Mary K Ellis
1114000403,Thomasena L Ellison
1053643700,Mohamed Y Elnaggar
1063524353,Leonard J Emma
1952373912,Lisa Eng
1194718130,Boris D Epstein
1821022856,Lourdes P Esteban
1295744357,Rondai Evans
1730107327,Andy C Fan
1043239528,Chixin Fang
1083786362,Laila A Farhat
1073748448,Basma S Faris
1396051736,Allison M Faucett
1003072018,Christopher M Fecarotta
1669441101,Robert L Feig
1053311431,David L Feldman
1053320481,Joseph Feliccia
1184645442,Hongshu Feng
1659519650,Qi Feng
1184731119,George Fernaine
1538275086,Lauren A Ferrara
1962482893,Francis A Ferraro
1497729081,George S Ferzli
1881701464,John E Fiadjoe
1811981608,Christine J Fielding
1164588554,Olga V Filipova
1902837354,Jeffrey S Fine
1346446747,Pejman A Firouztale
1710971163,Mariana F Fishman
1831176148,John K Fitzpatrick
1891795431,Edward T Fitzpatrick
1083666846,Brian E Flaherty
1851407175,Joan M Flanigan
1619984689,Judith Flores
1871516344,Francis J Foca
1073543856,Eric C Fok
1629021753,David L Ford
1942248042,Jacqueline F Ford
1710181110,Klara Fradlis
1801989058,Orlando Freyre
1932405768,Frida Fridman
1003800467,Elie Fried
1033170931,Gary S Friedman
1316025000,David A Friedman
1306082730,Chung W Fu
1568466977,Irina N Fuchs
1649247644,Margaret M Fynes
1720048069,Neena Gadangi
1982621512,Pratap K Gadangi
1295985265,Christopher L Gade
1750360368,Dawn M Gallo
1083889539,Calogero Gambino
1548445927,George N Gandev
1558524207,Olga Garankina
1245337757,Bruce F Garner
1053402438,Salvatore C Gaudino
1225090137,Irina D Gekker
1801849658,Mark Gelfand
1639317472,Elvita Genelus-Dominique
1164450136,Leonard D Genovese
1578582292,Mark H Genovesi
1659638534,Oksana Genzer
1871511238,Anthony P Geraci
1770764110,Danielle Geraldi-Samara
1063591220,Harold German
1730172685,Roy G Geronemus
1184649592,Inna I Geyler
1598702193,Michael D Giasullo
1043267610,Eugene Gibilaro
1205102753,Charlisa D Gibson
1841363579,Tajammal H Gilani
1316953177,Sandra Gilban
1932122041,Amarjit S Gill
1275556623,Wagdy F Girgis
1689671828,Anne M Glaser
1336167519,Robert J Glennon
1679749477,Galina A Glinik
1740285964,Ashish Goel
1194739532,Alexander Golberg
1265532154,Victor C Goldbetter
1639118946,Frida Goldin
1285662908,Amy E Goldstein
1497825129,Mery C Gomez
1730269549,Tulio E Gomez
1639229537,Eva Gomolinski
1063483311,Lin Gong
1952414476,Mario S Gonzalez
1689624173,Lekha H Gopal
1134232903,Genrietta Gordon
1336434257,Nicole Goulet
1396856977,Laura J Grady
1154398816,Antje L Greenfield
1184720310,Karen A Griffith
1841346111,Karen B Griffith
1114067097,Jennifer B Grodberg
1346221678,Svetlana A Grosman
1598053944,Demetrios J Grossos
1922092295,Jason A Grotas
1629416664,Yongpeng Gu
1992729321,Hui Guan
1851406334,Kopresh A Gudi
1033346531,Charles C Guidry
1316029515,Vanita K Gupta
1386869915,Ravi Gupta
1396826467,Sadhana Gupta
1891780276,Anju R Gupta-Modak
1295093250,Onaona U Gurney
1053332072,Mark M Gurtovy
1700263258,Jungeun J Ha
1053498865,Mohsen A Habib
1588752141,Amin Z Hakim
1578633053,Joel H Halio
1477535805,Charles L Harewood
1740305861,Khalid K Hassan
1164642096,Georgios I Hatzoudis
1548288673,Monica P Hayes
1174555486,Yong K He
1386601557,Fufu He
1508081126,Holson S Hector
1629174362,Meenu Heda-Maheshwari
1326104662,Tarek M Hegazi
1366503047,Mohamed A Helal
1760681282,Melissa A Helms
1376562017,Gillian L Henry
1851392856,Juana E Hernandez
1902998255,Marc R Hilaire
1134113525,Constance H Hill
1396738100,Anil P Hingorani
1780667279,Francine I Hippolyte
1043271851,Drora F Hirsch
1164580981,Julie P Hoffman
1073598405,Miriam V Holgado
1548553522,Jonathan W Holstad
1225041825,Diedrich K Holtkamp
1427002278,Henry Hom
1447498415,Michael I Horowitz
1629186721,Wissam N Hoyek
1326388026,John Y Hsih
1063433589,Xiaoxi Hu
1942276530,Andy K Hu
1932318177,Joseph J Huang
1033230404,Lorenzo T Hughes
1992718621,Chihee C Huh
1801845326,Syed M Hussaini
1326130535,Elsayed A Hussein
1720169543,Michael Hutchinson
1437143831,Aziz I Ibrahim
1285705665,John G Ilagan
1962407106,Tatyana M Ingberman
1649280413,Inna I Inoyatova
1861783938,Mazen E Iskandar
1376619098,Morris T Iskander
1801988613,Noor A Islam
1033291323,Sig-Linda L Jacobson
1144476540,Shirlee Jaffe
1609984855,George M Jager
1972503480,Abdul K Jahangir
1578656641,Katarzyna Jakubowska-Sadowska
1689601106,Randall James
1417044124,Uma P Jayakrishnan
1194814202,Antoine A Jebran
1184756744,Ming Jiang
1194741819,David H John
1487675120,Henry M Jones
1679531065,Jonathan K Joseph
1063598902,Sharon P Joseph-Giss
1174819353,Ramsey H Joudeh
1205098530,Jennifer A Kabak
1265462931,Andzhelika Kagzanova
1134104615,Abha Kaistha
1194772350,Sonali Kakani
1558381954,Irene Kakossian
1285716555,Vladimir Kalika
1982786240,Sima Kalika
1740295278,Sergey A Kalitenko
1366404162,Ruben Kandov
1073551065,Zhanna D Kanevsky
1285659565,Pritpal S Kang
1154350429,Tatyana Karachun
1366732570,Karthik Karibandi
1154350395,Elia Kassab
1609812528,Michael J Kassouf
1033112248,Corinne R Kauderer
1184683633,Robert Kaylakov
1417942590,Mikhail Y Kazachkov
1275582694,Irina A Kazachkova
1528068954,Marshall J Keilson
1326052473,Paul M Kelleher
1104805936,Robert A Kelter
1205013117,Beklen Kerimoglu
1689841272,Meera F Kesavan
1093786311,Rizwan A Khan
1194832808,Muhammad J Khan
1457428088,Nasrullah Khan
1740251511,Feroze B Khan
1649258286,Dmitry Y Khasak
1467447029,Andranik V Khatchatrian
1417992322,Mara Khaylomskaya
1780716936,Albert H Khoo
1619989514,Boris A Khorets
1821190935,Nidal Y Khoury
1962462416,Igor Khutoretskiy
1972557536,Rama M Kilaru
1528129350,Seong J Kim
1467405399,Kiril Kiprovski
1982659660,Dmitri Kirpichnikov
1013955285,Irina Klebanov
1134356561,Rosana A Kleiman
1033358676,Jason Adam Klein
1477653798,Lubov T Klimova
1174529440,Ramesh Kodavatiganti
1679730477,Irina M Kogan
1740370931,Don Kohan
1497941181,Barry H Kohn
1306905443,Spyros P Kokolis
1417016569,Rodamanthos N Kokolis
1922042373,Kaare A Kolstad
1578649844,Xiang B Kong
1699889451,Samuel Kopel
1437175023,Melvin D Koplow
1346332806,Stephen D Kornfeld
1003871179,Oleg M Kotelskiy
1952498750,Purnima M Kothari
1225157621,Andreas K Koutras
1306063276,Nanette L Kovash
1497794366,Tamara Kramskiy
1619931359,Vladimir P Krichevsky
1942205042,Ruvim Krupkin
1821063041,Olena Ksovreli
1740360858,Margaret L Kuhn-Basti
1497857502,Stanislav Kulishov
1144280538,Sampath R Kumar
1659306322,Munish D Kumar
1992966469,Jonathann C Kuo
1770578098,Simon G Kupchik
1962497206,Juan C Kupferman
1649658212,Michael Kwong
1306930037,Charles Kyriannis
1154395507,Frank J Lacqua
1992753883,Michael J Lacqua
1902810229,Victor M Lagmay
1144556143,Lawrence T Lai
1053384081,Jean G Lajeune
1962507616,Daniel A Langone
1619966702,Alan M Langsner
1427042613,Seth Lapin
1487670436,Thomas G Larkin
1326002171,Larisa Lashiker
1427154111,Alex A Latyshevsky
1063406452,Helen V Lauro
1235390832,Linda W Law
1417941816,Craig S Lazar
1932232154,Steven S Lazar
1689653495,John F Lazzara
1881657542,Richard S Lazzaro
1003818477,Allen L Lee
1104950047,Maryann K Lee
1154355253,Wah S Lee
1205932654,Mark D Lee
1518919182,Paul C Lee
1558575647,Young M Lee
1679589667,Simon X Lee
1760421036,Wai-Kwan I Lee
1841274131,Yi-Chun Lee
1770759615,Baiping Lei
1811900780,Michael D Leibowitz
1518969823,Viktoria Lemberikman
1346275591,Lorin M Levin
1366428294,Daniel Q Levin
1508837840,Nachum Levin
1982892907,Aleksandr Levin
1700957107,Jeremiah J Levine
1801813621,Eyal K Levit
1851316244,Susan Levit
1881623445,Oksana I Levitansky
1356329601,Joseph S Levy
1053331041,Vuy S Li
1437171683,Jianjun Li
1508185117,Yueyi Yi Li
1780762179,Xiang Li
1417986878,Dina M Liberman
1831257344,Fima Lifshitz
1053518548,Ya L Lin
1457643306,Congrong Lin
1457462236,Joel A Lincoln
1518921055,John C Linsalata
1225038664,Orrin O Lippoff
1265445894,Lisen Liu
1245236470,Carmen R Llopiz-Valle
1649470162,Susan Lobel
1598771529,Gary B Loden
1124119441,Helene G Logginidou
1427042829,Banu S Lokhandwala
1518291061,Athena M Lolis
1972556157,Thomas P Long
1619016011,Clark R Lopez
1477759058,Aaron S Lord
1205831450,Sergey A Losyev
1699977652,Moi W Louie
1619051612,Steven D Lowe
1427009430,Chao S Lu
1598981078,Anthony S Lubinsky
1942214432,Richard Lucente
1770509994,Achiau Ludomirsky
1821162611,Anming Luo
1649270877,Gina A Lynch
1316054075,Claudia L Lyon
1891800371,Thomas R Lyon
1801881164,Irene D Lytrivi
1487642120,Chan M Ma
1467452086,Isaac R Madeb
1083095160,Christopher A Magliulo
1255538914,Rekha Mahale
1306863089,Irina Makarevich
1578576963,Subhash C Malhotra
1609986520,Madhu B Malhotra
1932409547,Anju Malieckal
1740388917,Yelena L Malina
1639159577,Gautham K Mallampati
1861506818,Shahla S Mallick
1487667085,John J Mancuso
1194802397,Vijay J Mani
1972603108,Mathew A Mani
1295714020,Mario J Manna
1326060740,Yongming M Mao
1144246414,Paul W Maravel
1114209202,Arundhati Marballi
1629041504,Cherry Mar-Chan
1023083391,Jacqueline M Marecheau
1356354252,Haroutyoun Margossian
1083720437,Yevgeniy Margulis
1376558817,Marina Margulis
1942528724,Natalie A Marks
1851474597,Carmen M Martinez
1659304491,Francis X Martingano
1174518211,Stephen T Mastrianni
1558579524,Jeffrey D Mayer
1598789844,Mayer Mayor
1972547677,John M Mcadam
1912968025,Andrew J Mcdonnell
1306078498,Anna I Mcgow
1013997469,Lawrence M Mcguire
1073561056,Ariel Medina
1609869833,Gabor Menczelesz
1609802479,Monita Mendiratta
1346486594,Gang Meng
1356353411,Ernest L Michel
1013089986,Alexey Migirov
1003962226,Nahed A Mikhael
1619928272,Peter B Milburn
1568606895,Brandon J Miller
1821282948,Zhao Min
1861468274,Htun Min
1134326887,Nina Mirsakov
1316276447,Uriel Mirzakandov
1083680003,Niranjan K Mittal
1235226697,Ellyn H Modell
1912142233,Aparna Modi
1295729606,Khosrow Mojdehi
1629000393,Richard B Molina
1235396714,Mojdeh Momeni
1437246162,Natalie M Montemayor
1568568723,Mirza E Morales-Diaz
1902858434,Placido A Morano
1144317652,Dorcas C Morgan
1316950397,Julie M Morgan
1598719585,Reuven Moshenyat
1285730366,Ferrell A Motlow
1972807600,Marwa M Moussa
1801967997,Libia C Moy
1053429167,Lyubov Moysik
1023104676,Avijit D Mukerji
1972650760,Sharon R Murillo
1508890740,Sima Muster
1194827436,Karen A Myrie
1972522936,Albert N Nadaf
1013023704,Rachelle E Namm
1659529147,Jyothi C Nannapaneni
1104896067,Marcia S Naveh
1457650665,Sharique M Nazir
1164687497,Chioma A Ndubisi
1609026202,Rabih A Nemr
1932170073,Juliet M Nevins
1265768394,Angela Ng
1770515108,Thao L Ngo
1851680581,Quang Nguyen
1780978452,Kelechi C Ngwangwa
1548357130,Antonio N Nicoletta
1619966892,Guo Nie
1205900966,Amish N Nishawala
1265576144,Daed Nokari
1215001375,George Noumi
1770589335,Elena Ocher
1457335051,Namik Oliva
1568638997,Cedric K Olivera
1629119524,Joseph G Olivieri
1114258795,Ekaterina Olkhina
1528194230,Terence J Oloughlin
1770756108,Sai S One
1801151337,Mya M Oo
1588075022,Faryal A Osman
1831386424,Philip E Otterbeck
1841304607,Nihad Y Owaid
1639110620,Leonard A Pace
1396858205,Fernando Pacifico
1578773719,Joon Y Paik
1376587246,Mikhail Paikin
1396733531,Nanwai A Pak
1003896929,Himanshu Pandya
1316968704,John B Pannone
1467452797,Nikolaos I Papamitsakis
1669654158,Hetu Y Parekh
1346415247,Jacqueline J Park
1760540058,Peter J Pasqua
1871589739,Sureshchandra G Patel
1750392577,Uma S Paty
1023349008,Estee Pavlounis
1396730081,James F Pelegano
1669451696,Isabella R Peluso
1275558470,Xing Peng
1508860834,Minzhong Peng
1538134226,Christopher M Perez
1962538157,Jason E Perlman
1790846772,Marina Perlov
1598985418,Marina Perlova
1962723924,Bianca Persaud
1770577306,Colin K Phoon
1356456578,Paul R Piccione
1639159205,Michael M Pierre-Louis
1316914021,Inna Pildysh
1952660771,Ray G Pillai
1235263948,Lina Pilshchik
1497938070,Vincent E Pinedo
1427011121,Svetlana Pinkusovich
1588659627,Melodi B Pirzada
1083963458,Nadia Pletukhina
1194948703,Joseph M Pober
1366518409,Paula L Pollard-Thomas
1770526113,Lucy R Pontrelli
1447343439,Thomas J Powers
1407017189,Yevgeniya Pozharny
1518993039,Osvaldas Pranevicius
1174685028,Rasheda V Prescott
1659333193,Vladimir Privman
1265516355,Baljeet Purewal
1043218092,Anthony G Purpura
1700849494,Raisa Pustylnikov
1245226778,William E Putman
1992767651,Yar Pye
1306107792,Giulio Quarta
1710940416,Yevgeniya Rabovetskaya
1801881347,Joseph A Racanelli
1821085663,Salvatore V Raccuia
1639322944,Daniela Y Rafii
1770591455,Mohammad A Rahman
1336430958,Sareh Rajaee
1750396495,Madhu Rajaram
1285642694,Jacob Rakhman
1396730057,Prema Ramaswamy
1760570238,Tarek A Rammah
1013077312,Joseph P Rando
1851514608,Guiseppe R Rando
1396853529,Jayanth V Rao
1790709822,Hemalatha J Rao
1912950858,Dmitriy Ratsenberg
1831388990,Amit Ray
1598861031,Sergei E Razov
1720385628,Razia Rehmani
1457444051,Lisa S Ren
1386757722,Bela Reyngold
1508051962,Samia H Rifaat
1508851981,Mona Rigaud
1720251184,Sean Rim
1063519304,Husam K Rimawi
1205849304,Rola H Rimawi
1639498959,Stephen L Riso
1003130972,Allison E Rizzuti
1770600488,Antonette S Robles
1871672766,Marie-Lourdes L Roche
1437244506,David R Rodriguez
1851344790,Ariel Rodriguez
1992786552,Eli N Rosen
1073621231,Gil Roter
1497749089,Nicholas P Roussis
1245243609,Peter Rouvelas
1962501387,Vincent Rovito
1053322198,Roman Y Royzman
1568410710,Marina Royzman
1063406486,Aleksandr V Rozenberg
1790978955,Anna V Rozentul
1548243017,Marek Rozynek
1114084399,Ada Ruderman
1700839875,Ralph L Ruggiero
1063467785,Rosemary P Ruggiero-Decarlo
1649275918,Klaudiya Ruvinsky
1144511684,Wojciech Ryncarz
1811979735,Norman A Saffra
1831143213,Audrey Saitta
1073592226,Salama R Salama
1891729695,Luis R Saldana-Gautier
1598086878,Hanan M Salman
1851382089,Adam E Saltman
1558480236,Sushilkumar R Samant
1801820014,Kayalvizhi Sambandam
1992734560,Veronica C Santilli
1497954002,Jason M Saporito
1427191618,Henry Sardar
1013176932,Aparna Sarin
1780780742,Jorge Sastre
1235301722,Archana Saxena
1447207428,Karim Sayad
1831153782,John Sayad
1700823317,Brian C Scanlan
1902260086,Katherine B Schaller
1689696080,Michael A Schirripa
1417118035,Abraham Schreiber
1609039890,Simon L Schrick-Senasac
1457517740,Bradley F Schwack
1093718397,Joseph F Sclafani
1831176254,Steven J Sclafani
1891771739,Salvatore J Sclafani
1316162621,Eliezer M Seguerra
1639377732,Afet Seidler
1902829120,Warren M Seigel
1235203860,Ronald P Seminara
1740568153,Vikram Sengupta
1104995356,Eli Serur
1861528838,Bina C Shah
1871553115,Rasik V Shah
1740686351,Libbat-Tzion Idit Shaham
1790716579,Sam Shahem
1124358809,George Shahin
1922020965,Naji A Shahin
1235341850,Ayman A Shahine
1083696181,Lauren A Shaiova
1003176462,Setareh Shams
1982662458,Zihe Shan
1417049123,Mikhail Shapiro
1386619443,Jacob S Sharaby
1184693228,Atul Sharma
1033325931,Abdul Q Sheikh
1417923418,Manzur A Sheikh
1598861668,Jonathan A Sheindlin
1265446330,Jen-Fong Shen
1912961616,Mira I Sherer
1730263393,Frederic M Sherman
1083840516,Aarti A Sheth
1376523845,Zu-Rong Sheu
1891789152,Ketan W Shevde
1477889764,Zhengzhuan Shi
1104836352,Mark I Shim
1194817619,Indu Shivaram
1477701068,Faina Shnaydman
1942495346,Tanya Shneyder
1053571612,Anna Shor
1639145659,Mikhail M Shpak
1578580585,Eugene Shteerman
1164422838,Seongpan Si
1134292527,Alan D Sickles
1043220254,Vasilios Sierros
1124028501,David A Silver
1891704268,Jonathan J Silver
1285767459,Rebecca Simons
1831159177,Shailini Singh
1548238199,Rabindra P Sinha
1548339138,Subodh K Sinha
1033499181,Katie Sionov
1831309517,Alexander J Slotwiner
1790923944,Pieter J Smit
1649207515,Agnes L So
1407975667,Lewis A Soloff
1922291939,Mark Sonnenschine
1003904277,Inna Sosina
1023147691,Steven M Soued
1497749535,Dora G Soybelman
1790767093,William D Spielfogel
1396783999,Sudhesh K Srivastava
1134325053,Stephanie A Sterling
1184730699,Martin V Sternberg
1780904466,Robert J Stevenson
1265412191,Yacov R Stollman
1457399008,Emma B Stolyar
1548236417,Edward B Stolyar
1710930029,Joanne L Stone
1174592661,Sergey Strochkov
1194819946,Larisa Strogach
1700045531,Noel Kristi Strong
1982752077,Gina Subtirelu
1124031778,Elhan A Suley
1487716809,Muhammadsamir A Sulh
1922261171,Erik P Sulman
1184685240,Jana L Sulzer
1447278783,Donald N Summers
1730186016,Vito J Susca
1154315497,Marina I Svyatets
1659660603,Nicole S Swavely
1053343731,Reynaldo G Tan
1427224575,Saira S Tandon
1790181030,Xiangna Tang
1952564866,Vivian Tang
1477509248,Muhammad D Tariq
1487782629,Nikolay S Tarkhanov
1235101734,Diane E Tarr
1437358934,Polina Tavrovskaya
1871635748,Arlin G Telfeian
1316932015,Svetlana B Ten
1558383489,Diana Teper
1356668172,Natacha A Tessono
1437104361,Larry Tetsoti
1306139589,Zubin J Tharayil
1992780316,Emerald M Thaw
1134459597,Cho C Thin
1790954196,Michael F Timoney
1063741809,Myint M Tin
1629261722,Huihing Tin
1205923893,Joann A Titelis
1336203801,Anca C Tomsa
1174568596,Leonid Toprover
1962500306,Ruben D Toribio
1538216320,Raisa Toumanova
1972793735,Ben A Toure
1386722775,Inna Tovbina
1427315407,Duyet N Tran
1952303281,David J Treatman
1932126851,Eric E Trenkmann
1134500572,Shreya P Trivedi
1346237658,Melissa Tsai
1285634345,Larisa Tsaur
1407016900,Sylvia J Tschernyavsky
1457372526,Marat Tsirlin
1689803033,Zhanna M Tsukerman
1720070212,Tin M Tun
1558336479,Zina Turovsky
1548366453,Hach V Turyan
1629062971,Rebecca S Twersky
1568605152,Demetrios J Tzimas
1609180306,Qazi F Uddin
1457385650,Ishtpreet Kaur Uppal
1275715153,Shakeel A Usmani
1922086354,Robert A Vaccarino
1245314954,Deepak G Vadhan
1790846046,Grigory J Valdberg
1528053659,Oskar Varshavskiy
1447343504,Tara D Vazirani
1255449716,Blanca R Vazquez
1891789160,Ivan A Velickovic
1164417879,Akila Venkataraman
1033195359,Joseph T Vento
1558384107,Norma I Villanueva
1073537031,Ernest B Visconti
1396775243,Michael G Vitale
1467439992,Aldo M Vitale
1952403933,Leonid Volfinzon
1952664351,Biana Volfinzon
1598731564,Vladimir Volokh
1992815021,Corneliu T Vulpe
1376551333,Bhupendra P Wagley
1720072911,Lance W Wagner
1437196888,Sasha Wainstein
1003825456,Raymond B Walsh
1578640645,Limeng Wang
1689693129,Hai-Po Wang
1972528032,Wei Wang
1992899256,John T Wang
1417218850,Jasmine T Weaver
1184618373,Lela D Weems
1639166382,Hassan A Wehbeh
1417937335,Michael H Weiss
1447297924,Lijun Weng
1477558468,Warren J Wexelman
1194001909,Devon A White
1720062680,Allen M Williams
1992769061,Raz Winiarsky
1104952241,William M Wirchansky
1083033989,Lauren Wiznia
1205820578,David J Wlody
1497760888,Robyn J Wolintz
1407874787,Thomas T Woloszyn
1043478175,Cheok K Wong
1396938130,Ying L Wong
1609938844,Andrew Wong
1821095233,Ching Wong
1952663932,Peter L Wong
1265687347,Jianlin Wu
1275639502,Benjamin Z Wu
1023090230,Jason B Wynberg
1598966301,Peiying Xiao
1245495928,Lihua Yang
1407005556,Nancy S Yang
1467472746,Yi-Ming A Yang
1598035081,Li Yang
1669683819,Linli Yan-Rosenberg
1578738993,Francisca B Yao
1124190749,Arkadiy S Yaroshevskiy
1598862484,Naser E Yazigi
1780771345,Samar F Yazigi
1316902877,Hao Ye
1376595710,Hong Ye
1780973057,Jennifer Yeung
1285919068,Xiaoqin Sarah Yin
1740440155,John Yiu
1710090840,Taek S Yoon
1336214220,Shin A Yu
1356557250,Konstantin Zakashansky
1437151016,Robert A Zaloom
1417002825,Eugene G Zappi
1275502676,Annabelle Zaratzian
1861589673,Galina G Zaretsky
1083933311,Doris Zavaro
1144552894,Dena F Zedan
1427000348,Khaled M Zeitoun
1306079140,Ailing Zhang
1598723702,Han Zhang
1851737001,Zhiyou Zhang
1750499901,Qiuqu Zhao
1396861332,Xiangsheng Zheng
1467782615,Li Zheng
1336431907,Vitaliy Zhivotenko
1063406254,Sumei Zhou
1295054807,Wei Zhou
1760415038,Dening Zhu
1063412609,Eliot H Zimbalist
1447203625,Jonathan S Zwerling
