1710053145,AARON H BERGER
1124437959,AARON J BUCKLAND
1508031428,AARON M WINNICK
1245341619,AARON R CHIDAKEL
1477759058,AARON S LORD
1699748970,AARON WEINREB
1437239092,ABELARDO DEANDA
1134104615,ABHA KAISTHA
1518968643,ABRAHAM CHACHOUA
1942405709,ABRAHAM RAZA KHAN
1740287515,ABU N AHMED
1770509994,ACHIAU LUDOMIRSKY
1083614275,ADAM C SZERENCSY
1346214236,ADAM H KARP
1043216633,ADAM HOM
1851596266,ADAM H SKOLNICK
1972558187,ADAM J RATNER
1083618714,ADAM R SILVERS
1265545792,ADAM S JACOBSON
1710065974,ADAM S LEVY
1518227800,ADELE D HAIMOVIC
1558563445,ADELENE E JANN
1346454253,ADENIKE E AKITOYE
1548495286,ADENIKE O FOLORUNSHO
1124118831,ADIB ALHADDAD
1952418568,ADINA M ROSENZVEIG
1346484151,ADITI A PATEL
1730336595,ADITYA MATTOO
1982809570,ADRIANA M QUINONES-GARCIA
1952395246,ADRIAN P FONTANETTA
1730142522,AFSHIN E RAZI
1215925847,AGABRIELLA GABRIELLA WERNICKE
1679530539,AGNES RADZIO
1104808047,AHMAD S AL-HOMSI
1790749885,AJAX E GEORGE
1790002020,AJIT J DESHMUKH
1851653240,AKANKASHA GOYAL
1912103540,ALANA A CHOY-SHAN
1932391224,ALANA E SIGMUND
1134103179,ALAN A POLLOCK
1669570719,ALAN B SPERBER
1902014947,ALAN B WACHTEL
1386640043,ALAN F STROBEL
1598918005,ALAN F VAINRIB
1013915057,ALAN H FRIEDMAN
1518913672,ALAN H GREENSPAN
1770586364,ALAN H SLATER
1588615827,ALAN J DAYAN
1538267026,ALAN KONECKY
1750387148,ALAN L BUTLER
1306262605,ALAN MARCUS
1619966702,ALAN M LANGSNER
1841220621,ALAN O KHADAVI
1174749956,ALAN PINYAVAT
1932260643,ALAN R RAYMOND
1336189463,ALAN S BERKELEY
1922105642,ALAN SHAH
1205850500,ALAN SPIEGEL
1922187830,ALAN W BERGER
1285860569,ALBERT AHN
1457518854,ALBERT H JUNG
1427054030,ALBERT KUZNETSOV
1437243748,ALBERT M HARARY
1598859589,ALBERT S FAVATE
1467439992,ALDO M VITALE
1891729877,ALEC C KIMMELMAN
1588629661,ALEC J MEGIBOW
1316926330,ALEC S GOLDENBERG
1235104191,ALEKSANDAR A BERIC
1043213440,ALEKSEY M KAMENETSKY
1427154111,ALEX A LATYSHEVSKY
1821028051,ALEXANDER A MCMEEKING
1194755983,ALEXANDER A MERSON
1831309517,ALEXANDER J SLOTWINER
1992732234,ALEXANDER LOSEV
1699985234,ALEXANDER S BARDEY
1265687230,ALEXANDRA D MCCOLLUM
1972658185,ALEXANDRA FINGESTEN
1790003143,ALEXANDRA GRINO
1265432066,ALEXANDRA STERN
1841459385,ALEXIS L GRUCELA
1588669493,ALEX MOROZ
1467613281,ALEX NATANZON
1588723662,ALEX REYENTOVICH
1578587283,ALEX SHERMAN
1144227232,ALFREDO A SANTI
1962494682,ALFRED T CULLIFORD
1346416997,ALICE CHU
1679563811,ALINA B GOULLER
1821045956,ALI NASSERI
1821031303,ALISA N ALTMAN
1558521674,ALISA N FEMIA
1275516445,ALISON G HO
1174731426,ALLA A MESH
1497741425,ALLAN W HO
1912994955,ALLEN C CHEN
1477756013,ALLEN H LEUNG
1669450375,ALLEN J NATOW
1518965052,ALLEN S HAUPTMAN
1518934066,ALLISON G ZYSMAN
1083689673,AL O GIWA
1679546980,ALVIN E FRIEDMAN-KIEN
1336376318,ALVIRA S SHAH
1700978681,AMA ALEXIS
1952490369,AMANDA C RAFF
1255494605,AMANDA L COX
1679656888,AMANDA L YAUN
1174686893,AMANDA S KARCIOGLU
1750388781,AMAN D HOURIZADEH
1003937889,AMARPREET S BAINS
1982700837,AMAR SAFDAR
1932100922,AMBER A GUTH
1174516561,AMBIKA C NAYAR
1235477290,AMIR R RADJABI
1881682318,AMITABHA MAZUMDER
1861665432,AMIT K BANSAL
1568620847,AMIT SAXENA
1396799094,AMNA B BUTTAR
1699923573,AMNA S YAQOOB
1043219421,AMY B BLEYER
1780819144,AMY C JONGELING
1558362566,AMY D TIERSTEN
1285662908,AMY E GOLDSTEIN
1275724056,AMY E ROSE
1043309453,AMY K LAU
1972688026,AMY L GLASER
1154345437,AMY P HUANG
1679689343,AMY R BLOOMGARDEN
1881688158,AMY REICHLIN
1922092899,ANA C KRIEGER
1083872584,ANA C TUYAMA
1235490434,ANAHITA FALLAHI
1932491297,ANAM QURESHI
1417256686,ANAND VISWANATHAN
1790724557,ANANG MODI
1467615823,ANASTASIOS MANESSIS
1679579544,ANA V KALASH
1154323863,ANDREA A BERGER
1609050483,ANDREA J LEVINE-ROCKLAND
1982744694,ANDREA L NEIMANN
1033395728,ANDREA S BEDROSIAN
1306972120,ANDREAS BOKER
1528048782,ANDREAS N NEOPHYTIDES
1174503973,ANDRE L MOREIRA
1629075601,ANDRES GONZALEZ
1629289327,ANDRES M PIATTI
1124024930,ANDREW B CHILICKI
1487624185,ANDREW D CAMBITSIS
1750515763,ANDREW E DIKMAN
1437183878,ANDREW G FRANKS
1588651756,ANDREW H SCHEINFELD
1447276555,ANDREW J DREXLER
1295771087,ANDREW J PORGES
1861498701,ANDREW L FEIT
1538184981,ANDREW L WEISS
1619189735,ANDREW M GOLDFARB
1477635084,ANDREW M GRUNWALD
1245320530,ANDREW M MILANO
1477639292,ANDREW M PRINCE
1992702930,ANDREW PATANE
1609947795,ANDREW S FEIGIN
1336239896,ANDREW S GARDNER
1700880226,ANDREW S ROKITO
1841254778,ANDREW W LITT
1639316623,ANDREW W VARGA
1508868019,ANDREW Y DING
1730107327,ANDY C FAN
1043487101,ANDY Y WEN
1598736043,ANELISE M ENGEL
1245250877,ANGELA F WILSON
1932409547,ANJU MALIECKAL
1902833304,ANJU OHRI
1144411745,ANKUR R SHAH
1184881872,ANLI A LIU
1528325776,ANNA A KUNDEL
1154369361,ANNA BOYMAN
1255332839,ANNA C PAVLICK
1174849673,ANNA J TAYLOR-SHIH
1487942223,ANNA KARP
1922009653,ANNA KURZYNA-SOLINAS
1033234612,ANNA LAW
1730406752,ANNALEE MORGAN BAKER
1659477321,ANNA LEF
1790936169,ANNA M ARAW
1699170233,ANNA PARIZH
1053571612,ANNA SHOR
1952593493,ANNA Y ZOU
1093780538,ANNA ZHIVOTOVSKY
1043212079,ANNE E RIFFLE
1346237229,ANNE J CHUN
1427170299,ANNE M MOONEY
1356348486,ANTHONY J CORNETTA
1225001001,ANTHONY J ORSINI
1063490217,ANTHONY KOPATSIS
1982686960,ANTHONY M PETRIZZO
1871511238,ANTHONY P GERACI
1871736207,ANTHONY SAPIENZA
1164599627,ANTHONY S BORCICH
1972815785,ANTHONY SIMMS
1639251382,ANTHONY S LENO
1598981078,ANTHONY S LUBINSKY
1295002160,ANTOINETTE A DANVERS
1073707071,ANTONETTE O WHITEHEAD
1417256876,ANTONIA F KOFINAS
1255469250,ANTONIO L GALVAO-NETO
1346415734,ANU G CHANDOK
1003076902,ANURADHA LALA-TRINDADE
1942294673,ANVAR A BABAEV
1679853196,APRAJITA MATTOO
1649260001,ARAN DEGENHARDT
1780973800,ARASH FAZL
1235301722,ARCHANA SAXENA
1700046075,ARIANE K LEWIS
1871578450,ARIEL D TEITEL
1255337507,ARIEL I JURMANN
1659513505,ARIELLE M KURZWEIL
1245207588,ARIELLE N KAUVAR
1215220496,ARIELLE R NAGLER
1184628059,ARI L GINSBERG
1427021278,ARI M KLAPHOLZ
1558528273,ARJUN V BALAR
1144464413,ARJUN V MASURKAR
1023014081,ARKADIY SABZANOV
1477558609,ARKADIY TSYRLIN
1134330145,ARLENE V MCTEER
1154395473,ARMANDO E CASTRO
1669458964,ARMEN K KASABIAN
1730241712,ARNALDO A ARBINI
1831291160,ARNOLD G CORAN
1689768996,ARNOLD M PHILLIPS
1467689554,ARON J MEDNICK
1447234596,ARTHUR A COHEN
1760515779,ARTHUR C JIMENEZ
1750325403,ARTHUR H GERBER
1437348471,ARTHUR M LUBITZ
1437173739,ARTHUR S LEBOWITZ
1629067715,ARTHUR Z SCHWARTZBARD
1235116005,ARTURO CONSTANTINER
1528149150,ARUN CHOPRA
1356775753,ARUNDHATI DAS
1205878949,ARUN J PALKHIWALA
1073629994,ARYEH L POLLACK
1528052909,ASHLEY S ROMAN
1073771309,ASHWANI P SASTRY
1639121353,ASHWATHA S NARAYANA
1386803351,ASHWIN BASAVARAJ
1972837292,ASIF NOOR
1689678559,ASPAN S OHSON
1174604508,ASSUMPTA A MADU
1245291459,ASTAIRE K SELASSIE
1326111550,ASYA BENIN
1518291061,ATHENA M LOLIS
1184693228,ATUL SHARMA
1265530679,AUDREY J BUXBAUM
1558342261,AUDREY L HALPERN
1306931753,AURORA C BAIRAN
1154321065,AVRAHAM E MARKOWITZ
1245363530,AVRAHAM J GOTTESMAN
1477608255,AVRAM Z GOLDBERG
1497725287,AXEL PFLUEGER
1386638542,AYLIN SIMSIR
1760457113,AYMAN E FARID
1386747681,AZUKA N ANYOKU
1689883449,BABAK GIVI
1003839374,BABAK MOHAJER
1316943392,BABER YOUNAS
1457546582,BABU S BANGARU
1255338356,BACHTRUC T TU
1780657700,BARON S LONNER
1538211735,BARRY B PRICE
1861484065,BARRY J SCHUVAL
1134379654,BARRY M CZEISLER
1396739892,BARRY P ROSENZWEIG
1194784249,BARTON E COHEN
1215122445,BARUCH M WIEDER
1720071145,BASIL K LUCAK
1609167246,BECKY NAOULOU
1770743320,BELLA KUSHNIR
1972522472,BENARD P DREYER
1871514372,BEN I PREMINGER
1326214693,BENJAMIN D BOWLING
1356390488,BENJAMIN F MASON
1255658662,BENJAMIN G WU
1407084700,BENJAMIN HAN
1588667133,BENJAMIN L METZGER
1235295619,BENJAMIN M BRUCKER
1376834739,BENJAMIN T COOPER
1487821385,BENJAMIN Z WERTHEIMER
1619063005,BENO W OPPENHEIMER
1699771329,BENSON M WU
1326013699,BERNADITH A RUSSELL
1285630426,BERNARD MILMAN
1245206788,BETH A LEEMAN-MARKOWSKI
1619261641,BETHANY A DORAN
1275529497,BETH M SIEGEL
1356512412,BETH N MCLELLAN
1619943248,BEVERLY Y WANG
1659300556,BHAVANA POTHURI
1043276926,BIDYUT K PRAMANIK
1184629503,BINGJING Z ROBERTS
1801093596,BINITA SHAH
1841297025,BIRJIS G AKHUND
1790959989,BISHOY M ZAKHARY
1700913886,BLAIR J GUIDERA
1255449716,BLANCA R VAZQUEZ
1124082011,BLANCHE S LEUNG
1639215304,BONITA H FRANKLIN
1639380801,BONNIE E KIM
1841343167,BONNIE E LONZE
1346391174,BORIS SAGALOVICH
1942463849,BORIS TSUKERMAN
1457517740,BRADLEY F SCHWACK
1750540449,BRADLEY MICHAEL MORGANSTERN
1295925998,BRADLEY R WASSERMAN
1780902585,BRADLEY S BLOOM
1114061041,BRENDA KOHN
1114963428,BRENT A WILLIAMS
1043478795,BRET C JACOBS
1215933528,BRETT I DANZER
1811059108,BRIAN D FEINGOLD
1083666846,BRIAN E FLAHERTY
1780754291,BRIAN G MEEHAN
1881643849,BRIAN P BOSWORTH
1609969500,BRIAN P HARLIN
1679677736,BRIAN S IM
1255326021,BRIAN S KAUFMAN
1194727263,BRIAN T MCNELIS
1497079859,BRIAN T RICE
1811941818,BRIAN W HAINLINE
1194083386,BRIDGET M WIECZKOWSKI
1689670416,BRUCE C HAMMERSCHLAG
1215939202,BRUCE D CHIPKIN
1780861054,BRUCE E GELB
1215980487,BRUCE E GERBERG
1245337757,BRUCE F GARNER
1710988969,BRUCE G RAPHAEL
1801962881,BRUCE H YAFFE
1831284975,BRUCE M SOLITAR
1891792909,BRYAN J OYOUNG
1386643872,CALOGERA A PERRONE
1083889539,CALOGERO GAMBINO
1255563128,CARMEN A PEREZ
1093048902,CARMEN M STANCA
1285683672,CARMIT ARCHIBALD
1871713156,CAROLE HAZAN
1215237417,CAROLINE L SALAS-HUMARA
1205925765,CAROL L DUNETZ
1447333059,CAROL M LEE
1629028501,CAROL SONATORE
1841284676,CARON B ROCKMAN
1346445913,CARRIE M MAHOWALD
1689773293,CARY B CHAPMAN
1245346915,CARYN E SELICK
1730151895,CATHERINE CHO
1366760712,CATHERINE CONSTABLE
1477500130,CATHERINE N PETCHPRAPA
1174757199,CATHERINE R WEINBERG
1982864039,CATHERINE S DIEFENBACH
1366466872,CATHERINE S MANNO
1992994974,CATHERINE T JAMIN
1043256290,CATHY A CARRON
1205846607,CECILIA L SCHMIDT-SAROSI
1568638997,CEDRIC K OLIVERA
1760436885,CESARE SAPONIERI
1336112150,CEZAR S STANILOAE
1962677971,CHANDA BRADSHAW
1710115852,CHANELLE A COBLE-SADAPHAL
1396866034,CHANGCHUN DENG
1427009430,CHAO S LU
1053542878,CHARLENE O RECTO
1124029434,CHARLES A BRUNO
1053475384,CHARLES A KAPLAN
1225023229,CHARLES E LANGS
1134115785,CHARLES F SCHWARTZ
1619027216,CHARLES H THORNE
1194771329,CHARLES J LOVE
1346246196,CHARLES J MILITANA
1427254192,CHARLES M OKAMURA
1982677639,CHARLES M PATTERINO
1811911670,CHARLES N FRIEDLANDER
1295718351,CHARLES Y KIM
1184693012,CHENG Z LIU
1902871346,CHERYL P FRYDMAN
1194810986,CHERYL T WU
1023010212,CHINEDU E ABARA
1134386782,CHIRAG R BARBHAIYA
1114279189,CHLOE E GORGA
1619964897,CHRISTIANA F CAMPBELL
1871602789,CHRISTIAN J HIRSCH
1588823314,CHRISTIE L MESSENGER
1932266905,CHRISTINA H KONG
1841284023,CHRISTINA H KWON
1548409402,CHRISTINA R FLORES
1306803887,CHRISTINE A ZAWISTOWSKI
1215163100,CHRISTINE G STERN
1811981608,CHRISTINE J FIELDING
1013194273,CHRISTINE L PROUDFIT
1972521284,CHRISTINE T WANG
1447314596,CHRISTINE V KAKOULAS
1255444121,CHRISTOPHER CORINES
1801025226,CHRISTOPHER E DENATALE
1366436081,CHRISTOPHER E KELLY
1760656730,CHRISTOPHER G CASPERS
1073500013,CHRISTOPHER G GHARIBO
1043573496,CHRISTOPHER H MORRIS
1801232715,CHRISTOPHER J BANDERA
1467458265,CHRISTOPHER L CAMPESE
1295985265,CHRISTOPHER L GADE
1215921861,CHRISTOPHER L KYRIAKIDES
1134113673,CHRISTOPHER M DIXON
1457487282,CHRISTOPHER M WILLIAM
1598907008,CHRISTOPHER N ESWAR
1326192170,CHRISTOPHER P BUSILLO
1013901693,CHRISTOPHER S LEE
1386786317,CHRISTOPHER Y PARK
1033187463,CHUNG-E E TSENG
1487915070,CINDY P FANG
1538435953,CINTHI PILLAI
1881830594,CLAIRE C BINSOL
1093774432,CLARA E MAYORAL
1942422902,CLAREL ANTOINE
1881692515,CLARK A GENTIL
1548213259,CLAUDETTE M LAJAM
1336145549,CLAUDIO M LUMERMANN
1972521987,COLETTE J HO
1770577306,COLIN K PHOON
1376504100,COLOMBA A MARCANTONIO
1821258708,CONNIE S LIU
1861688988,CORAL O OMENE
1083699599,COREY S SCHER
1619988680,CORINNE E HORN
1043418544,CORITA R GRUDZEN
1992815021,CORNELIU T VULPE
1306842075,CORY A SCHNEIDER
1518967892,COSTAS BIZEKIS
1508252289,COURTNEY E MCCALL
1609053644,CRAIG D HAMETZ
1144426321,CRAIG M CAPECI
1427054659,CRAIG M MEROLA
1164546537,CRAIG S ANTELL
1821264755,CRISTINA A MENDIOLA
1245236827,CYNTHIA G LEICHMAN
1346234515,CYNTHIA Z LIU
1336129345,CYRUS V HEDVAT
1629237813,CZERANTHONEY E LIM
1972509768,DALE H ANDERSON
1720273253,DAN G HALPERN
1598010761,DANIEL A BELKIN
1639322944,DANIELA Y RAFII
1174529044,DANIEL C BOSSHART
1750306783,DANIEL C CHO
1386638773,DANIEL C FISHER
1407900152,DANIEL FRIEDMAN
1184792673,DANIEL F ROSES
1225025547,DANIEL F ROSHAN
1083603690,DANIEL G SWISTEL
1851325922,DANIEL H STERMAN
1932123213,DANIEL I SILVERSHEIN
1063412708,DANIEL J ALPERT
1639361546,DANIEL J BECKER
1962493585,DANIEL J EGAN
1992849095,DANIEL JETHANAMEST
1487766101,DANIEL J LUCIANO
1912915968,DANIEL K MILES
1770764110,DANIELLE GERALDI-SAMARA
1851690374,DANIELLE M FLANIGAN
1265691075,DANIELLE R FELDMAN
1053398560,DANIEL L LABOVITZ
1245499821,DANIEL L MOTOLA
1245487081,DANIEL MARRERO
1972579530,DANIEL MATALON
1588956528,DANIEL MIGUEL TORRES
1518194216,DANIEL P EIRAS
1427376292,DANIEL W BURKE
1730226366,DANIL V MAKAROV
1497710990,DANNY C KIM
1043398480,DARA A KASS
1417049750,DARIUS KOHAN
1013082254,DARIUSZ A GRABOWSKI
1740217033,DARRELL S RIGEL
1093886939,DARYL M ISAACS
1376771766,DAVE A CHOKSHI
1114923323,DAVE A LIVINGSTONE
1346339140,DAVID A HORWITZ
1629000849,DAVID A KAUFMAN
1407852247,DAVID A KUSTERA
1326121419,DAVID A STAFFENBERG
1932105707,DAVID B BERGER
1194797837,DAVID BEKHOR
1033184205,DAVID BOLON
1922274356,DAVID C LEE
1558445395,DAVID D KIM
1417950692,DAVID E COHEN
1942264825,DAVID E COHEN
1144214545,DAVID E GUTSTEIN
1174504120,DAVID E OST
1811094949,DAVID E VALENTINE
1194722009,DAVID GABBAIZADEH
1649270547,DAVID HERSCH
1174683213,DAVID H GODFRIED
1114912292,DAVID H HARTER
1649271420,DAVID J ARATEN
1376649806,DAVID J MYKOFF
1841361847,DAVID J MYSSIOREK
1083702245,DAVID KAMINETZKY
1720268220,DAVID KHASKI
1255388674,DAVID L DIAMOND
1487647897,DAVID L DIEHL
1386708253,DAVID L FRANK
1558358457,DAVID L GINSBERG
1689627325,DAVID L GREEN
1891795787,DAVID L KAMELHAR
1205839347,DAVID L KATZ
1285601203,DAVID L KAUFMAN
1720013782,DAVID L KAUFMAN
1447221437,DAVID M BREIDBART
1770634941,DAVID M FELDMAN
1396741625,DAVID M GLATT
1447247317,DAVID M KATZ
1790787653,DAVID M KLEIN
1063617165,DAVID M POPPERS
1164412359,DAVID M RAPOPORT
1538193800,DAVID M SWOPE
1609861699,DAVID N LEVINE
1538326970,DAVID P HUDESMAN
1285634196,DAVID P MAGIER
1144286790,DAVID P NAIDICH
1063656296,DAVID R FRIEDMANN
1790773349,DAVID R SCHWARTZ
1013234343,DAVID SCHICK
1598760308,DAVID S FELDMAN
1629018908,DAVID S GOLDFARB
1083718407,DAVID S GORDON
1750302410,DAVID S MAZZA
1629232749,DAVID S PARK
1942300207,DAVID S PEREIRA
1255521407,DAVID S RHEE
1467453001,DAVID S WEISS
1114017647,DAVID T STERN
1821012105,DAVID WAGNER
1295729390,DAVID ZAGZAG
1427227818,DEANA M GAZZOLA
1457677148,DEANE E SMITH
1730241704,DEBBIE L GLASS
1649218447,DEBORAH B GRUBER
1326023649,DEBORAH J GOLDFRANK
1386644573,DEBORAH M AXELROD
1396716403,DEBORAH M USHKOW
1467452979,DEBORAH S SARNOFF
1467497115,DEBORAH Y PORGES
1376532457,DEBRA C KATZ
1063418341,DEBRA E LEDERMAN
1508124926,DEBRA F FRIEDMAN
1407832835,DEBRA M MESNICK
1093779530,DEBRA S GREENSTEIN
1063661171,DEENA N BLANCHARD
1669677332,DEEPA S ARAVIND
1184607103,DEEPA S SHAH-BAROT
1508806670,DEHAN CHEN
1275759318,DEIRDRE J COHEN
1376575662,DELLIS A NORWOOD-GALLOWAY
1083661987,DEMETRIOS GEORGIOU
1568605152,DEMETRIOS J TZIMAS
1669634127,DENISE J PATE
1184695397,DENISE J RUTTGEIZER
1497914576,DENIZ KESEBIR
1043224520,DENNIS A CARDONE
1134289663,DENNIS HEON
1639142714,DENNIS L KARTER
1669412011,DEREK J CHONG
1205982501,DEVI E NAMPIAPARAMPIL
1720187511,DEVIN M MANN
1720407174,DHWANI PATEL
1013088400,DIANA N CONTRERAS
1235122979,DIANA NIMEH
1568469690,DIANA SANTIAGO
1235101734,DIANE E TARR
1215038138,DIANE M SIMEONE
1164466967,DINA D STRACHAN
1497862346,DINA M BEGAN
1497996318,DINA R BLOCK
1609154186,DIVYA K DUA
1982659660,DMITRI KIRPICHNIKOV
1831395078,DMITRIY YADGAROV
1942375654,DMITRY D GORELIK
1760410088,DODIS KOHAN
1225270879,DOMENICK A ACQUISTA
1235135088,DOMINIC J NARDI
1346440518,DOMINIC W LAI
1598728396,DONALD C PUTMAN
1295804094,DONALD F KREUZ
1700869294,DONALD V BELSITO
1952594426,DONATO PACIONE
1003989625,DONNA P PHILLIPS
1225312986,DONNA R SHELLEY
1013997279,DORA S PINKHASOVA
1144317652,DORCAS C MORGAN
1356314017,DOREEN J ADDRIZZO-HARRIS
1083933311,DORIS ZAVARO
1659365815,DOROTA A POPIOLEK
1972745149,DOROTHY A FINK
1104840743,DOROTHY L LEBEAU
1952464521,DOROTHY N FRIEDBERG
1699894493,DOUGLAS A FREELEY
1194700831,DOUGLAS A LEVINE
1790779528,DOUGLAS C MILLER
1306885470,DOUGLAS H BAILYN
1437155249,DOUGLAS H CARRAS
1417098310,DOUGLAS J ZEIGER
1871586263,DOUGLAS S HOLMES
1982653812,DOV SHMUKLER
1073626024,DREW A STEIN
1396734067,EDA C CHAO
1326073065,EDDIE LOUIE
1639175318,EDITA SVOREN
1588628861,EDMOND A KNOPP
1164462867,EDUARDO D RODRIGUEZ
1518133057,EDUARDO E GALEANO
1346424371,EDUARDO ITURRATE
1164411294,EDWARD A FISHER
1770589426,EDWARD A SCEPPA
1063485803,EDWARD J BERNASKI
1265430714,EDWARD J GREANEY
1003905662,EDWARD J MENDELSOHN
1730180514,EDWARD L AMOROSI
1588832455,EDWARD M HA
1356340145,EDWARD S BARNES
1740274489,EDWARD S KATZ
1861499725,EDWARD STROGACH
1881603892,EDWARD V RUTKOVSKY
1184619181,EDWARD Y SKOLNIK
1669469557,EDWIN H KOLODNY
1205836053,EDWIN J ROSMAN
1649692690,EDWIN KEESHAN
1992739478,EDWIN M SCHOTTENSTEIN
1679671440,EDWIN S ROBBINS
1477622439,EDYTA S SKLADZINSKA-REYHER
1427161926,EFNIKI KYVELOS
1629077003,EFSTATHIA P CHIOPELAS
1447488150,EILEEN ALEXANDER
1598771305,EILEEN M JANEC
1417154956,EILEEN WANG
1689645293,EILEEN Y KRIM
1528314762,EITAN MELAMED
1568662450,EITAN M KLEIN
1821312851,ELANA RACHEL ROSMAN
1902009137,ELEANORE T KIM
1902047947,ELENA KATZ
1467518845,ELENA V WACHTEL
1104879832,ELIAS A ZIAS
1417273988,ELIE B LOWENSTEIN
1376565358,ELIE M ABEMAYOR
1780644807,ELISA C FELSEN-SINGER
1952365819,ELISA ROSE
1386610582,ELIZABETH A DARCY
1699750943,ELIZABETH A POYNOR
1306830534,ELIZABETH A RAETZ
1194791814,ELIZABETH A ROMAN
1962607309,ELIZABETH B RODGERS
1952364077,ELIZABETH C LIPPITT
1750647277,ELIZABETH EDELSTEIN
1225249741,ELIZABETH K FIORINO
1447511274,ELIZABETH PARK
1104117340,ELIZABETH S HAMMER
1881612448,ELLEN B WETTER
1780647487,ELLEN C PUTTER
1043216302,ELLEN H KAVEE
1871720649,ELLEN J KURKOWSKI
1750451845,ELLEN R BLYE
1861486300,ELLEN SHAPIRO
1093785396,ELLIOT M BELENKOV
1568453686,ELLIOT NEWMAN
1326482837,ELLIOT S COBURN
1235226697,ELLYN H MODELL
1144248923,ELSIE ALVAREZ
1518905322,ELVIO E ARDILLES
1275563165,ELVIRA KAMENETSKY
1831148915,EMILY J CEISLER
1710291661,EMILY N BREIDBART
1386840387,EMILY O TAYLOR
1205012622,EMMELINE H KWON
1841525664,ENCOUSE B GOLDEN
1356415046,ENRICO ASCHER
1497982466,ENZA D MENTESANA
1629032321,ERICA D BERG
1477789667,ERIC D BLACHER
1093730210,ERIC H MORGENSTERN
1851315147,ERICH P VOIGT
1073537361,ERIC H SHERMAN
1508061748,ERIC J STRAUSS
1629225032,ERIC LEE
1477530582,ERIC N LUTSKY
1659379014,ERIC R GOLDBERG
1861718223,ERIKA VILLANUEVA
1285053868,ERIN M CAHILL
1770856940,ERIN M CONROY
1689671620,ERIN Z SCHOOR
1982779757,ERNEST AST
1467475400,ERNEST S CHIU
1578726063,ERSHAD ELAHI
1093907305,ESRA KARSLIOGLUFRENCH
1023349008,ESTEE PAVLOUNIS
1740577659,ESTHER HANNAH ADLER
1205821949,EUGENE A GROSSI
1942400254,EUGENE E KIM
1417002825,EUGENE G ZAPPI
1578580585,EUGENE SHTEERMAN
1770727265,EUGENE YURIDITSKY
1689726630,EUGENIA GIANOS
1114991882,EUNA LEE
1578527313,EVA K FLORES
1205961935,EVA KOSTA
1376718809,EVAN A RIEDER
1194752352,EVAN B MINTZ
1164414330,EVAN H SCHWARZWALD
1023015054,EVAN L HELD
1104042886,EZRA E DWECK
1508003500,FAIKA KHAN
1144374380,FAINA F KOGAN
1477701068,FAINA SHNAYDMAN
1457359127,FAISAL SIDDIQUI
1205072352,FANGMING DENG
1437477288,FANG ZHOU
1346403839,FARAJ SAMRA
1053556928,FARDINA MALIK
1154661288,FARHAD SAHEBJAM
1841296662,FARIBA FAGHIH
1366448094,FARSHAD LALEHZARIAN
1285730366,FERRELL A MOTLOW
1952337040,FEZA H REMZI
1942293683,FILIZ SEN
1821204363,FIRAS F MUSSA
1033140629,FLORENCIA G POLITE
1528201837,FLORIA E CHAE
1679505614,FLOYD A WARREN
1285635441,FLOYD FORBES
1265870299,FORREST N WHITE
1003134586,FRANCESCA MONTANARI
1235219718,FRANCINE H HUGHES
1609974245,FRANCISCO J ESTEVA
1336148717,FRANCIS J OBRIEN
1699760132,FRANCIS P ARENA
1811099625,FRANCIS V ADAMS
1366439309,FRANCO M MUGGIA
1689679722,FRANK A LIPORACE
1194729467,FRANK A TOMAO
1295738904,FRANK B DORSA
1982695813,FRANK CECCHIN
1578595138,FRANK C MESSINEO
1124076864,FRANK C SPENCER
1265418818,FRANK L ROSS
1366679235,FRANK M VOLPICELLI
1023065430,FREDERIC I WEINBAUM
1841211265,FREDERICK A GONZALEZ
1588652838,FREDERICK A GULMI
1477651123,FREDERICK D RUTKOVSKY
1902894611,FREDERICK FEIT
1447207527,FREDERICK LICCIARDI
1720085301,FREDERICK P GUTT
1649351487,FREYA R SCHNABEL
1932405768,FRIDA FRIDMAN
1972563351,GABRIELLE P GRINSTEIN
1255622213,GABRIEL SCOTT SCHNEIDER
1831351212,GABRIEL W REBICK
1730368986,GAETANE C MICHAUD
1710996764,GAIL E SCHATTNER
1376534743,GAIL S CHORNEY
1679749477,GALINA A GLINIK
1366792962,GARY L GOLDMAN
1548390685,GARY L MUCCIOLO
1467635599,GARY N GOLDUBER
1306828173,GARY R MARKOFF
1194795476,GARY S GETTENBERG
1023047487,GARY T MARSHALL
1649244526,GARY ZAGON
1699735027,GEOFFREY V WEBBER
1457345241,GEORGE A FIELDING
1356549877,GEORGE A MILLER
1629002589,GEORGE C LIU
1134111586,GEORGE FEINBAUM
1184731119,GEORGE FERNAINE
1144298613,GEORGE G ABDELSAYED
1629276639,GEORGE G KIHICZAK
1760626378,GEORGE JOUR
1952409369,GEORGE LIPKIN
1144258336,GEORGE N WELCH
1497729081,GEORGE S FERZLI
1194722249,GERALD A SCHIFF
1427012368,GERALDINE T BRUSCA-AUGELLO
1235137910,GERALD M SIEGEL
1194034819,GERALD ROSEN
1518966944,GERARD B DONNELLY
1003818584,GERARD P VARLOTTA
1144517921,GHADIR M SALAME
1356579783,GHASSAN A MOHSEN
1376562017,GILLIAN L HENRY
1629091426,GINA K WANG
1447272315,GIRISHKUMAR M SONPAL
1033352729,GISELLE CRUZ
1619061934,GIUSEPPE DELLORUSSO
1871599597,GLENN FLEISCHHACKER
1376536797,GLENN I FISHMAN
1891789640,GLENN R JACOBOWITZ
1720081318,GLENN S HAMROFF
1649276445,GLEN Z BROOKS
1154327179,GLICERIA C DOMINGUEZ
1326207747,GLORIA Q YOUNG
1821084211,GLYN R MORGAN
1336308170,GRACE A LAU
1487648580,GRACE C YANG
1699829630,GRACE S HYUN
1588956908,GRACE T LIU
1063704880,GRACE TYNDALL
1528053642,GREGG R KLEIN
1457351744,GREGORY A CROOKE
1659423937,GREGORY B HABER
1609162155,GREGORY D LEE
1871591461,GREGORY M PITARO
1346336021,GREGORY R ALSIP
1780821629,GREGORY S JANIS
1306842372,GREGORY T PALLESCHI
1679658744,GREG S KAUFMAN
1043479710,GRETA L PIPER
1497070320,GRIGORIY E GURVITS
1457510844,GUILLEM GONZALEZ-LOMAS
1992701361,GUOXIN WU
1154581999,HABEEB AHMAD
1770679615,HAE-RI SONG
1760766786,HAIOU DUAN
1578792834,HALIS SONMEZ
1619974953,HAL J FREIMAN
1154497642,HANBIN ZHENG
1225238355,HANNAH S FAMIGLIETTI
1942276639,HARIKRISHNA P SHUKLA
1285627695,HARMONY R REYNOLDS
1063591220,HAROLD GERMAN
1265495279,HAROLD J WEINBERG
1497751424,HAROLD KIM
1053308429,HAROLD M MERMELSTEIN
1659471738,HARRIS E BURSTIN
1003815952,HARRIS R BEARNOT
1245313709,HARRY G DEMEO
1104890540,HARRY H SHEN
1639163272,HARRY OSTRER
1295096360,HARRY SWITOW SAAG
1467453571,HARSHIT M PATEL
1104826460,HARVEY I PASS
1942263603,HARVEY M PLASSE
1699020859,HASANIAN A JILAIHAWI
1164628053,HEATHER A LAU
1043472921,HEATHER B HOWELL
1093711756,HEATHER R STUART-KING
1073751608,HEDAMARIE R DAPUL
1831148394,HEDI L LEISTNER
1811017619,HEIDI M SCHAMBRA
1013177674,HEIDI N FUSCO
1073559142,HEIDI S ROSENBERG
1467752873,HELEN MARCUS
1780875930,HENGHE TIAN
1144207275,HENOCK SAINT-JACQUES
1396773362,HENRY E GOMEZ
1760460299,HENRY F NOVACK
1982771465,HENRY P BIRNBAUM
1205831500,HENRY Y CHUO
1356427652,HERBERT A INSEL
1366534562,HERBERT GOLDFARB
1104810902,HERBERT LEPOR
1730288416,HERBERT M LAZARUS
1568492882,HERSCH L PACHTER
1447246970,HIDEKO H KAMINO
1629287990,HILLEL N ISSEROFF
1780608422,HILLEL TOBIAS
1740215110,HILLEL Y MARANS
1619140365,HINA A NAQVI
1154519601,HOK S WONG
1114150257,HOMAM IBRAHIM
1275701138,HONG Y CHONG
1194990903,HONGYING HUANG
1003166042,HOWARD A FINE
1619971132,HOWARD A LEVITE
1225022767,HOWARD B GINSBURG
1306833231,HOWARD G LIANG
1447335971,HOWARD J ROSMAN
1134154099,HOWARD KAUFMAN
1437341922,HOWARD L LEVITT
1932267481,HOWARD L SCHEINER
1265427835,HOWARD L WEINER
1992779441,HOWARD M BELMONT
1710980404,HOWARD N TARKIN
1386796092,HOWARD S FRIEDMAN
1538160668,HOWARD S HOCHSTER
1457347767,HOWARD S WEINTRAUB
1942360011,HOWARD TRACHTMAN
1497735096,HOWARD W SANDER
1073859609,HOW W HA
1609863570,HUI C TSOU
1215913322,HYMAN SHWARZBERG
1255422606,HYUN M SONG
1104093780,IAN A LENTNEK
1164696522,IAN G WITTMAN
1497761407,IAN J LUSTBADER
1326306135,IAN M AHEARN
1861580391,IFEOMA M OKORONKWO
1073560835,IFFATH A HOSKINS
1619932589,IGOR M YUKELIS
1821362948,IKYORI SWABY
1073508073,ILAN E TIMOR
1669420857,ILENE M FISCHER
1972696953,ILONA V BRANDEIS
1295931095,ILSEUNG CHO
1346479003,ILYSSA A HENLE
1659448660,IMAN T HANNA
1417994922,INA S ITZKOVITZ
1831357490,INCA CHUI
1407057854,INE M LEUS
1821204686,INESSA KHAYKIS
1487626651,INGRID H OLHOFFER
1962575647,INHEI HAHN
1467487801,INNA ABRAMOVA
1629390315,INNA ELIKASHVILI
1184649592,INNA I GEYLER
1225252471,IOANNIS HATZARAS
1275520710,IRA C SCHULMAN
1306830732,IRA D BREITE
1154308344,IRA G RASHBAUM
1821145905,IRA J GOLDBERG
1548274210,IRA M JAFFE
1891795704,IRA N LIEBERMAN
1881894566,IRENE A BARBAZETTO
1235136045,IRENE C STADNYK
1932187648,IRENE E ROSENBERG
1134455355,IRFANA H SOOMRO
1194740506,IRINA AVRUCHEVSKAYA
1114122553,IRINA BARASH
1073831087,IRINA BELINSKY
1104054618,IRINA LINETSKAYA
1679730477,IRINA M KOGAN
1447361662,ISABEL SOUFFRONT
1609096650,ISRAEL KLEIN
1760694673,ISRAEL ZYSKIND
1134223472,ISSAM F ARNOUK
1912991647,ITZHAK KRONZON
1912940107,IVAN J FERNANDEZ-MADRID
1720174717,IVEN S YOUNG
1003894429,JACK A RESNICK
1902132384,JACKLEEN MARJI
1174783039,JACKLYN HAGEDORN
1194763011,JACOB S WALFISH
1689606832,JACQUELINE A FRENCH
1811096506,JACQUELINE COSME
1942248042,JACQUELINE F FORD
1992099535,JACQUELINE M COLLINS
1083614820,JACQUES V LAGUERRE
1326054834,JAFAR J JAFAR
1740419704,JAIME M LEVINE
1710123930,JAI S PERUMAL
1316994403,JAMES A GRIFO
1538167127,JAMES A UNDERBERG
1073836680,JAMES C WERNZ
1780670190,JAMES C WITTIG
1851355564,JAMES D SLOVER
1396736781,JAMES E LOCK
1669587903,JAMES F BORIN
1134125867,JAMES J MCLOUGHLIN
1528087210,JAMES J RIVIELLO
1255337986,JAMES J WALSH
1871595678,JAMES L SPEYER
1023022407,JAMES M HIRSCHFELD
1831374131,JAMES M HOROWITZ
1386615532,JAMES M KIPNIS
1932134491,JAMES M KLANCNIK
1740204445,JAMES M SALIK
1902899305,JAMES N SLATER
1871671164,JAMES P GURTOWSKI
1750387502,JAMES P PALMA
1124092747,JAMES R HESS
1073713772,JAMES S PARK
1538328810,JAMES S WYSOCK
1881732584,JAMES T KENNEDY
1548375785,JAMIE A KANE
1578785374,JAMIE L BESSICH
1508872789,JAMIE P LEVINE
1124099643,JANA N DEHOVITZ
1720187412,JANE A GUTTENBERG
1447215843,JANE P KO
1871753665,JANE S CHUNG
1366517278,JANET ABRAMS
1154607489,JANET A ELGALLAB
1801867296,JANET A MOY
1235152802,JANET C RUCKER
1386873289,JANET T YEH
1922186964,JAQUELLINE PERLMAN
1295994762,JARED M BRAUNSTEIN
1902167786,JASMINE GADHAVI
1033358676,JASON ADAM KLEIN
1255598850,JASON A KESSLER
1306860663,JASON C FISHER
1629262704,JASON C MAGGI
1447204607,JASON F KEARNEY
1740200906,JASON H DOLINSKY
1174723373,JASON J BRUCKER
1285758029,JASON M FRITZHAND
1184621286,JAYANT H SOLANKI
1629140033,JAY B ADLERSBERG
1891736823,JAYDEEP M BHATT
1043284227,JAY D KATZMAN
1366440950,JAY L STEINBERG
1457322562,JAY S BERLAND
1952302754,JAY S COOPER
1548429517,JEAN K LEE
1336279900,JEAN-LOUIS B SALINAS
1467599191,JEANNE D TRAVIS
1952383895,JEANNE M CAREY
1518013184,JEANNETTE O GRAF
1952378598,JED C KAMINETSKY
1457311920,JEFFREY A BOURNE
1104840495,JEFFREY A BUCKNER
1285650168,JEFFREY A GOLDSTEIN
1235218918,JEFFREY A KOHN
1104808997,JEFFREY A LESSING
1609868884,JEFFREY A SPIVAK
1033144787,JEFFREY B GREENE
1154397727,JEFFREY C ALLEN
1932191574,JEFFREY F SHAPIRO
1063407047,JEFFREY H WISOFF
1467472712,JEFFREY J MICHAEL
1740370816,JEFFREY L MARX
1992793657,JEFFREY L TEITELBAUM
1700821766,JEFFREY M BERNSTEIN
1831196526,JEFFREY M COHEN
1215070271,JEFFREY M ENGEL
1609877703,JEFFREY M GROSS
1912962069,JEFFREY M LORIA
1790783157,JEFFREY P FRIEDMAN
1356347157,JEFFREY R CANTELE
1508959388,JEFFREY R FOSTER
1912172701,JEFFREY S BERGER
1164421277,JEFFREY S CRESPIN
1902837354,JEFFREY S FINE
1780793943,JEFFREY S GAMSS
1053348706,JEFFREY S WEBER
1194739243,JEFFREY T SHAPIRO
1518057686,JENNIFER A OPPENHEIM
1700909603,JENNIFER A STEIN
1225003916,JENNIFER B OGILVIE
1033265491,JENNIFER E CHO
1639278328,JENNIFER HENLE
1417997412,JENNIFER J WU
1053685461,JENNIFER K GILLEN
1720102577,JENNIFER L BONHEUR
1902169436,JENNIFER M CARUANA
1508865411,JENNIFER MCGUGINS-HILL
1730102005,JENNIFER M GEIGER
1851390660,JENNIFER M RAGI
1801812870,JENNIFER S CHOE
1942493440,JENNIFER S COLLINS
1245559442,JENNIFER S SCHERER
1780973057,JENNIFER YEUNG
1790931970,JENNY M FRANCES
1285639591,JERALD DARVISHZADEH
1700957107,JEREMIAH J LEVINE
1861667339,JEREMY A BRAUER
1164612420,JEREMY S MILGRIM
1578761185,JEREMY Y CHARLES
1548331093,JEROME H KOSS
1093880577,JEROME LOWENSTEIN
1194710004,JEROME L SHUPACK
1124137492,JEROME M FELSENSTEIN
1831106053,JEROME S BRESLAW
1467604363,JESAL V SHAH
1285951251,JESSE MILLER LEWIN
1578683157,JESSE M VOZICK
1265564751,JESSICA M ALLAN
1518965953,JESSICA W TOMASELLO
1508997453,JHANSI REDDY
1568622827,JIAN Q HUANG
1194794909,JIAN T YANG
1053755009,JILLIAN A EDMUNDS
1518192236,JING WANG
1518952654,JINPENG PENG
1487812624,JOANELLE Z LUGO
1316930043,JOAN F CANGIARELLA
1043402811,JOANNE M AGNANT
1609869668,JOAN T GOLD
1356652499,JODY M LITRENTA
1285883942,JOEL B GRAD
1376589655,JOEL GOLDBERG
1881819019,JOELLEN S VANZANDER
1962578468,JOEL M MOSKOWITZ
1386641348,JOEL M SIEV
1700814233,JOEL M SOLOMON
1932184777,JOEL S SCHUMAN
1457550519,JOE VONGVORACHOTI
1780813543,JOHANNES NOWATZKY
1649258120,JOHN A BENDO
1366634644,JOHN A DODSON
1588639751,JOHN A MINUTILLO
1023083078,JOHN A PROVET
1861456105,JOHN C WIRTH
1750541264,JOHN E ARBO
1104938174,JOHN E HANDELSMAN
1275539082,JOHN F DICAPUA
1356355119,JOHN G GOLFINOS
1548200819,JOHN G HAY
1295729457,JOHN G PAPPAS
1053335810,JOHN J ACKERT
1376549295,JOHN J IAMMATTEO
1477530012,JOHN J KHADEM
1023014826,JOHN J MARTINUCCI
1275846396,JOHN J MICHALISIN
1194728063,JOHN J SANTUCCI
1053319509,JOHN K EMY
1124125703,JOHN K WANG
1578611919,JOHN M MCKNIGHT
1477611572,JOHN M MIGOTSKY
1982851952,JOHN M OLEARY
1083610992,JOHN M STAMATOS
1811950454,JOHNNY LEE
1528060639,JOHN P CURTIN
1104049030,JOHN P GETSOS
1124025200,JOHN R MASCIA
1902890130,JOHN R RUDDY
1538163803,JOHN S MARINO
1154408672,JOHN S MUNGER
1558334375,JOHN T COPPOLA
1962445411,JOHN T ROLAND
1073609327,JOHN T WELLS
1942299920,JOHN V DELLOSSO
1063594521,JOHN W SIEBERT
1205190535,JOLANTA J LIBURA
1750318721,JONATHAN ARONBAYEV
1457508731,JONATHAN B KAHN
1326044272,JONATHAN B OSTER
1790709533,JONATHAN COHEN
1750387585,JONATHAN D HIRSCH
1083610281,JONATHAN D LEIDERMAN
1427240324,JONATHAN D NEWMAN
1881699148,JONATHAN E ASCHER
1285832204,JONATHAN E HOWARD
1285641720,JONATHAN EPSTEIN
1912902719,JONATHAN E SINGER
1760476493,JONATHAN H WHITESON
1891704268,JONATHAN J SILVER
1427255876,JONATHAN MATTHEW VIGDORCHIK
1952395113,JONATHAN MELAMED
1912960568,JONATHAN P GREENBLATT
1679772636,JONATHAN R STIEBER
1578823613,JONATHAN S FARKAS
1700884434,JONATHAN W MOHRER
1477614287,JON D SARNOFF
1093708653,JOON H YIM
1457515967,JOONHYUK KIM
1508057639,JOON SONG
1043479603,JORDAN GOLUBCOW-TEGLASI
1447411970,JORGE M MERCADO
1073776530,JORI E FLEISHER
1316246333,JOSEF A SHEHEBAR
1467442483,JOSEF E JELINEK
1114161684,JOSE L TORRES
1366489650,JOSE M VILLARIN
1548228943,JOSEPH A AHRAM
1154327864,JOSEPH A BATTILLO
1639130107,JOSEPH A BOSCO
1669451498,JOSEPH A CARUANA
1558520312,JOSEPH A LADAPO
1831195775,JOSEPH A MANCINI
1659423390,JOSEPH A POLAKOSKI
1497796056,JOSEPH A VETRANO
1649234709,JOSEPH B JACOBS
1154329514,JOSEPH DEVITO
1942271010,JOSEPH DURZIEH
1346230448,JOSEPH D ZUCKERMAN
1053320481,JOSEPH FELICCIA
1457463507,JOSEPH F FETTO
1619983822,JOSEPH H BERGER
1477550085,JOSEPH HOCHMAN
1326234402,JOSEPHINE D JULIAN
1659325207,JOSEPHINE Y KUO
1326045436,JOSEPH I SIMPSON
1275518193,JOSEPH J BOOLBOL
1558518332,JOSEPH J TSENG
1699068718,JOSEPH KAPLOVITZ
1730185422,JOSEPH MARINO
1235104548,JOSEPH M MARCHISELLA
1831103662,JOSEPH M WEISSTUCH
1427014711,JOSEPH M YEE
1659344653,JOSEPH O RAHIMIAN
1003084203,JOSEPH P ALUKAL
1245363415,JOSEPH P TAVERNI
1902003338,JOSEPH R FELICIANO
1689670358,JOSEPH R RUSSO
1356329601,JOSEPH S LEVY
1841360369,JOSEPH W DRYER
1306845987,JOSEPH WIESEL
1609073303,JOSE U SCHER
1568419067,JOSH TORGOVNICK
1184966012,JOSHUA A FARHADIAN
1598794018,JOSHUA A YOUNG
1245265040,JOSHUA CHODOSH
1295707461,JOSHUA P FOGELMAN
1003824046,JOSIANE M LAJOIE
1790817971,JOYCE F PINES
1508046871,JUAN C ROBLES
1710060140,JUAN R ROURE
1588939821,JUDAH WEINSTEIN
1073508065,JUDITH A BENSTEIN
1548360076,JUDITH E GERSHOWITZ
1871799502,JUDY W LEE
1114963907,JULIA A SMITH
1558558031,JULIA E TZU
1467880369,JULIA JAFFE
1851495543,JULIA K YANG
1538126347,JULIAN A MIERLAK
1235335308,JULIE A FOONT
1265408512,JULIE BIKHMAN
1477765329,JULIE K KAREN
1063688695,JULIE L CAPIOLA
1073717096,JULIE N NAM
1164580981,JULIE P HOFFMAN
1760473342,JULIE V SCHAFFER
1154353332,JUNE YIN
1083610661,JUNG H AHN
1477554533,JUSTIN G LAMONT
1881666097,JUSTYNA WATKOWSKA
1386822922,JYOTI KINI
1831135276,KALEB H YOHAY
1982603411,KAMAN NG
1912195835,KAMRAN S JAFRI
1184870818,KARA N GOLDMAN
1124089925,KAREN A MORIARTY-MORRIS
1215924139,KAREN D HENDRICKS-MUNOZ
1477640118,KAREN E RHEE
1003817065,KAREN L HIOTIS
1578725685,KAREN L LEE
1588687750,KAREN M ALLISON
1871664490,KAREN S KASANOFSKY-RUBENSTEI
1306080742,KARIN M WARLTIER
1578656641,KATARZYNA JAKUBOWSKA-SADOWSKA
1285952093,KATE J BAICY
1669533709,KATERINA SILVERBLATT
1093703795,KATHERINE A HOCHMAN
1063559797,KATHERINE KEIL
1902032188,KATHERINE S INOYAMA
1629238902,KATHERINE Y SUN
1821160458,KATHIE-ANN P JOSEPH
1912952417,KATHLEEN A HAINES
1740428317,KATHLEEN B MULLIN
1144347691,KATHLEEN M SANDERS
1003112830,KATHRYN E KEATY
1619960135,KATHY K BRANDES
1477852820,KATI S GLOCKENBERG
1902193196,KATRINA E HERNANDEZ
1942497706,KAVINI B MEHTA
1154697712,KAYLAH C RONDON
1558477141,KEITH A KUENZLER
1437179157,KEITH A LASCALEA
1992714927,KEITH A SILLER
1053451567,KEITH B RASKIN
1588623631,KEITH B SEIDENBERG
1982733879,KEITH M STAIMAN
1043416555,KELLY M DORAN
1033378823,KENICHI ASANO
1679542757,KENNETH A EGOL
1245202662,KENNETH A RIVLIN
1457455636,KENNETH B FREUND
1285626366,KENNETH B HYMES
1164580551,KENNETH B SCHAEFER
1265476261,KENNETH H COHEN
1659365880,KENNETH I BERGER
1770585952,KENNETH I PEARLMAN
1407842818,KENNETH J MROCZEK
1700882438,KENNETH K LEUNG
1629046321,KENNETH L SCHNEIDER
1730127986,KENNETH M RIFKIND
1366550816,KENNETH R ALPER
1396769691,KENNETH R KRAUSS
1770567406,KENNETH S HU
1841402278,KENNETH S KAPLAN
1306973755,KERRY L DIERBERG
1467779736,KERRY M HENA
1134125958,KETSIA DORCE
1588951008,KEVIN D HAUCK
1316943681,KEVIN K BARCOHANA
1316943418,KEVIN K WHITROCK
1215133640,KEVIN S DUNHAM
1598984668,KEYOOR PATEL
1740274901,KHUSHBAKHAT R MITTAL
1023141413,KIM A BAKER
1801056551,KIMBERLY A SACKHEIM
1942468830,KIMBERLY L FERRANTE
1114151313,KIMMERLE PAWAR
1679560593,KIM Y WILLIAMS
1033351887,KIRANPREET K KHURANA
1467405399,KIRIL KIPROVSKI
1558536201,KIRK A CAMPBELL
1710074422,KIRK C YOUNG
1245239664,KLAUS DITTMAR
1194723601,KLAUS P RENTROP
1871822288,KOMAL L JHAVERI
1649275934,KOUROSH R NOORBAKSH
1942277660,KRISCZAR J BUNGAY
1770722050,KRISHNA P SHANBHOGUE
1134327398,KRISTEN H LEE
1376785204,KRISTEN K MILLER
1093905853,KRISTEN M THOMAS
1346447174,KRISTIN A CARMODY
1548261530,KRISTIN A SKINNER
1649465212,KRISTINE M PYSARENKO
1518110949,KRISTOFFER G PADJEN
1235192576,KWOKKIN WONG
1093833709,LADAN SHAHABI
1316933724,LAITH M JAZRAWI
1538261029,LAI-YET LAM
1881681773,LALEH MOAZEN
1295983880,LAMA NAZZAL
1184683823,LANA L BOTER
1174550503,LANCE H BROWN
1801909544,LANE D KREVITT
1881887313,LANGLEY PARTRIDGE
1467643965,LARA V MARCUSE
1053307355,LARRY A CHINITZ
1205932290,LASZLO A FEHER
1508832031,LAURA A BIENENFELD
1952306664,LAURA A CARINCI
1063405793,LAURA BARISONI-THOMAS
1275689333,LAURA BUCCHERI-ZAPPI
1356335640,LAURA J MONAHAN
1679867022,LAURA N POLIZZI
1891988598,LAURA PAPADIMITROPOULOS
1528354800,LAURA SCHROEDER
1427203892,LAUREL F DODGSON
1386844835,LAUREN A MCVOY
1447207154,LAUREN B KRUPP
1104982107,LAURENCE T SPERBER
1013353556,LAUREN E BOROWSKI
1669631602,LAUREN G KHANNA
1033389689,LAUREN K SCHWARTZ
1912075342,LAUREN KUPERSMITH
1760773030,LAUREN M RUGGIERO
1194161539,LAUREN Z FOSTER
1609898469,LAWRENCE A ADLER
1083645154,LAWRENCE A YANNUZZI
1215067335,LAWRENCE B GARDNER
1124248463,LAWRENCE G HITZEMAN
1538112461,LAWRENCE J OTTAVIANO
1184627465,LAWRENCE M JACOBSON
1447420369,LAWRENCE M PHILLIPS
1730181611,LAWRENCE P HECKER
1891792305,LAWRENCE P LEICHMAN
1831269281,LAWRENCE S GLASSMAN
1639271984,LAWRENCE V NAJARIAN
1316929755,LEEANN M KLAUSNER
1679729297,LEE C ZHAO
1790781490,LEE H WINTER
1972705069,LEELA V RAJU
1023335098,LEIGH A WADE
1942269378,LEILANI B BALAGOTCHINGCUANGCO
1295731941,LEO J PENZI
1639185838,LEONARD A FARBER
1053347401,LEONARD A TREIHAFT
1043207699,LEONARD GIAMBALVO
1295706315,LEONARD J LANDESBERG
1023052578,LEONARDO N SAULLE
1649362310,LEONARD V PENACERRADA
1174588339,LEON D RYBAK
1902801145,LEONID CHERNOV
1952403933,LEONID VOLFINZON
1386650331,LEON K EISEN
1336349620,LEOPOLDO N SEGAL
1083800585,LEORA B BALSAM
1841334810,LEORA I HORWITZ
1982609285,LEO VIGNE
1497967079,LESLIE R BOYD
1891994968,LETICIA CASTILLOKONTAK
1528086212,LEV GINZBURG
1447247374,LEWIS W TEPERMAN
1992764476,LIANA H BARKAN
1801967997,LIBIA C MOY
1457326266,LIDIJA M PETROVIC
1417053240,LIHLIH WU
1669417754,LILIA MAILIAN-OGANOVA
1205833399,LILYBETH MORALES
1780640300,LILY Q LEW
1437123247,LINDA GRANOWETTER
1861426207,LINDA K FRANKS
1609884204,LINDA M CHO
1700048014,LINDA M NICOLL
1699934232,LINDSAY E JUBELT
1013235712,LINDSEY GURIN
1225043029,LINH T DINH
1285631994,LIONEL A WILLIAMS
1003928987,LIONEL E DESROCHES
1639176571,LISA A BAKER
1124030069,LISA A STRAUS
1497700744,LISA C SCHWARTZ
1710970702,LISA GANJHU
1578772943,LISA J KALIK
1912024662,LISA K PERRIERA
1578724084,LISA M NATHAN
1356401228,LISA PARK
1457479123,LISA R DURSO
1508061243,LISA V DOAN
1346203361,LIZA S NATALE
1881607810,LORENWISSNER WISSNER GREENE
1720077506,LORETTA Y AU
1750486205,LORI J ROSELLO
1174899223,LORRAINE E TONER
1477711984,LOUAI RAZZOUK
1881814036,LOUIS A MUCELLI
1588613665,LOUIS E FURLAN
1326015140,LOUISE RAMINFARD
1699789347,LOUIS F MCINTYRE
1255536744,LOUIS H MILLER
1093788838,LOUIS J MORLEDGE
1174641625,LOUIS J TRANESE
1023017332,LOUIS R DIZON
1982759957,LOUIS W CATALANO
1700868270,LOURDES M FLAMINIANO
1932120854,LUBA SOSKIN
1821232018,LUCA PAOLUZZI
1245348325,LUCIA D VOICULESCU
1386886349,LUCY F PEREIRA-ARGENZIANO
1851348411,LUCY LEUNG-ENG
1770526113,LUCY R PONTRELLI
1841370145,LUDMILLA BRONFIN
1235246307,LUIS F ANGEL
1326045402,LUIS R RIVERA
1922443431,LUKE F ODONNELL
1427069517,LYRIS A SCHONHOLZ
1992701726,MADALINA GECUI
1467795518,MADHAVI P KAPOOR
1053417501,MADHU S PATEL
1952464554,MAGALIE PIERRE-LOUIS
1659541860,MAGDALENA CADET
1356397400,MAHESH K KRISHNAIAH
1548230543,MAHVASH W RAFII
1992804215,MAMTA S SHAH
1760645089,MANDEEP S VIRK
1861719072,MANISHA G HOLMES
1275553315,MANISHA T PATEL
1588951388,MANISH MAMMEN
1801945399,MANISH P PONDA
1326000498,MANI USHYAROV
1194759282,MANUEL ALVAREZ
1316910136,MANUEL E MORLOTE
1700800547,MANUEL MARTINEZ
1417992322,MARA KHAYLOMSKAYA
1831392992,MARA R ROSNER
1538362298,MARA S KARAMITOPOULOS
1144295312,MARC A NOLAN
1275849143,MARC BJURLIN
1104803287,MARC D GOTTLIEB
1386791705,MARCEL LAUFER
1053360149,MARC J LUSTIG
1790728434,MARC J YUNIS
1649338898,MARC K SIEGEL
1831175009,MARC L SPERO
1699974121,MARCOVALERIO MELIS
1134132095,MARC PUCHIR
1508816513,MARGARET M BURNS
1043500754,MARGOT A MARTINO
1730187519,MARGRET L MAGID
1275736555,MARIA A VOMVOLAKIS
1285630939,MARIA B PRUDENTE-MARTOCCI
1417950817,MARIA C ADRAGNA
1356583587,MARIA C MIRANT-BORDE
1669569430,MARIA E AGUERO-ROSENFELD
1235109059,MARIA E ALEXIANU
1972883056,MARIA F ROBERTO
1831282474,MARIA I BETANCOURT
1619073046,MARIAN M DAVID
1457403818,MARIANNE SOMMERVILLE
1649266123,MARIA T BENEDETTO-ANZAI
1407852320,MARIA ZAPANTIS
1144483843,MARIE C LEGER
1811097744,MARILYN M JACKSON
1881977304,MARINA MATATOVA
1598824971,MARINA S KURIAN
1891790903,MARINA V OKS
1497771018,MARINA VOLPIN
1295714020,MARIO J MANNA
1063610343,MARIYA ROZENFELD
1952395642,MARK A ADELMAN
1285630517,MARK A GLICK
1790070480,MARK A HALSEY
1841477817,MARK A MASCARENHAS
1952362261,MARK A MELAMED
1174515571,MARK A SELDON
1962451054,MARK A STEELE
1750380614,MARK A WINIK
1982791059,MARK B POCHAPIN
1326049453,MARK D DELACURE
1720082647,MARK E PUGACH
1801852637,MARK F SLOANE
1922089655,MARK J KUPERSMITH
1992004006,MARK KIRSCHENBAUM
1083610059,MARK L GOODSTEIN
1124042403,MARK NEWMAN
1235298357,MARK PODWAL
1306810478,MARK S LEMERT
1487723375,MARK S LIPTON
1326035205,MARK S NACHAMIE
1811976921,MARK S PERSKY
1154314847,MARK V SHERRID
1144222175,MARLEEN I MEYERS
1952561540,MARLENE M MANCUSO
1083857601,MARNEY E GRUBER
1154598274,MARNY H SHOHAM
1528068954,MARSHALL J KEILSON
1528229556,MARSIA B VERMEULEN
1780625681,MARTA MACZAJ
1356338271,MARTHA C CAPRIO
1518933357,MARTHA J RADFORD
1144374968,MARTINA M FRANDINA
1518078336,MARTIN A POSNER
1033267893,MARTIN B WAX
1407840127,MARTIN J SADOWSKI
1164666244,MARTIN J WOLFF
1477511129,MARTIN L KAHN
1285883330,MARTIN QUIRNO
1972807600,MARWA M MOUSSA
1174598056,MARY A HOPKINS
1831164672,MARYAM F BANIKAZEMI
1831331834,MARYAM R GHODS
1437393592,MARYANN J KWA
1477512556,MARY-LAURA KLESARIS
1346397023,MARY L CHU
1356392922,MARYLOU HIRE
1336430081,MARY L STEVENSON
1194792291,MARY P GALLAGHER
1003077181,MASASHI J ROTTE
1790715324,MATHEW R WILLIAMS
1497881254,MATIJA SNUDERL
1912225228,MATTHEW B BROWN
1881796191,MATTHEW B SMITH
1174728968,MATTHEW LABARBERA
1013901842,MATTHEW NALBANDIAN
1972646347,MATTHEW N MARTINEZ
1265434005,MATTHEW S KLEIN
1174643167,MATTHIAS A KARAJANNIS
1962540948,MAURIZIO DALIANA
1821197500,MAX A KAHN
1275573644,MAXIM KREDITOR
1659394534,MAX M APRIL
1861783938,MAZEN E ISKANDAR
1700882537,MEERA S GORADIA
1083980411,MEGHAN LEMBECK
1851583819,MEHUL R SHAH
1871601203,MELANIE B SHULMAN
1326164179,MELANIE K GREIFER
1164748158,MELISSA A BUSOVSKY-MCNEAL
1457513038,MELISSA A WILSON
1114230240,MELISSA B LESKO
1316253545,MELISSA HERSH
1972762557,MELISSA H ROSEN
1629165790,MELISSA J NIRENBERG
1831488014,MELISSA K LEVIN
1992022974,MELISSA LATORRE
1720258239,MELISSA L BERNBAUM
1326369703,MELISSA W SUM
1588659627,MELODI B PIRZADA
1912927443,MENGKAO TSENG
1710307707,MENKA S PATEL
1326281015,MIA T MINEN
1750676177,MICHAEL A BOFFA
1093758922,MICHAEL A GIULIANO
1750480430,MICHAEL A LEVI
1902147804,MICHAEL A MOFFAT
1336133743,MICHAEL ARGILLA
1922374016,MICHAEL BASSEYN
1205891223,MICHAEL B MECHLIN
1801892658,MICHAEL B MEYERS
1669479374,MICHAEL B SIMON
1669431979,MICHAEL B WHITLOW
1518070259,MICHAEL C BURNETT
1497953707,MICHAEL C OWEN-MICHAANE
1750375564,MICHAEL D STIFELMAN
1780874461,MICHAEL D TANG
1023003761,MICHAEL D ZERVOS
1962692152,MICHAEL E BERRY
1801894902,MICHAEL E GABRIEL
1841327293,MICHAEL E PACOLD
1700926219,MICHAEL E RETTIG
1790954196,MICHAEL F TIMONEY
1245520121,MICHAEL GARSHICK
1962490110,MICHAEL G GRILL
1437184280,MICHAEL GRASSO
1942229745,MICHAEL H LIEF
1962426247,MICHAEL H PERSKIN
1730169905,MICHAEL H POURFAR
1720169543,MICHAEL HUTCHINSON
1871519157,MICHAEL I BERGMAN
1457376576,MICHAEL I KIM
1093910341,MICHAEL J ALAIA
1336291657,MICHAEL J ALBOM
1619963915,MICHAEL J ATTUBATO
1366504482,MICHAEL J COLIN
1073548434,MICHAEL J COONEY
1003945080,MICHAEL J FAUST
1003948464,MICHAEL J LEVINE
1326190828,MICHAEL J MATARESE
1801893755,MICHAEL J MELGAR
1780600593,MICHAEL J NEELY
1255443370,MICHAEL J NEWTON
1174521678,MICHAEL J PALUMBO
1093965741,MICHAEL J SCHAEFER
1073773446,MICHAEL L FRIEDMAN
1740263276,MICHAEL L GROSSBARD
1003979261,MICHAEL L SMITH
1497912422,MICHAEL M ESPIRITU
1114923455,MICHAEL M HANANIA
1548609381,MICHAEL MOBASSER
1588725014,MICHAEL N CANTOR
1659532802,MICHAEL P GLICK
1700886645,MICHAEL P KRUMHOLZ
1912006693,MICHAEL R TRAISTER
1104186303,MICHAEL SEAN GOONAN
1164421947,MICHAEL S GLASSER
1316943517,MICHAEL S LIANG
1427056282,MICHAEL SLIPPEN
1306862248,MICHAEL T MURRAY
1770589442,MICHAEL W PORT
1710983051,MICHELE A HENDLER
1972534287,MICHELE C PAUPORTE
1295726461,MICHELE GIRARDI
1700883899,MICHELE N BALTUS
1598711459,MICHEL-JOSE J CHARLES
1891878534,MICHELLE E ALPERT
1972815231,MICHELLE KATZOW
1073770913,MICHELLE M RAMIREZ-JOGLAR
1407858947,MICHEL Y DUBOIS
1922187681,MIGUEL SANCHEZ
1013964360,MIHYE L CHOI
1063672764,MIKEL SADEK
1770695991,MIKHAIL VAYNBLAT
1417942590,MIKHAIL Y KAZACHKOV
1396987954,MILAN P RANKA
1972588036,MILAN R AMIN
1780607192,MILLIE R FELL
1194823096,MINAS S CONSTANTINIDES
1184785214,MING C TSAI
1912151499,MING WU
1811949183,MING ZHOU
1538167440,MIRCEA N GOLIMBU
1679618904,MIRIAM GREENE
1437356094,MIRIELLE DIAZ-MOLINA
1588751572,MIROSLAWA KUDEJ
1679736763,MIROSLAW S BRYS
1447251095,MITCHELL A BERNSTEIN
1356448708,MITCHELL H CHARAP
1316044357,MITCHELL N ESSIG
1518954726,MITCHELL R LOCKE
1821102971,MITCHELL S KRAMER
1336145077,MITCHELL ZIPKIN
1144464421,MOHAMAD H ABOUZEID
1366503047,MOHAMED A HELAL
1487651063,MOHAMED ELMOUSELY
1154321446,MOHAMMAD FOULADVAND
1295902633,MOHAMMED F KHAN
1053498865,MOHSEN A HABIB
1699977652,MOI W LOUIE
1932172699,MONA L BASHAR
1215968540,MONEER K HANNA
1053420398,MONICA LORENZO-LATKANY
1457350357,MONICA O WEINBERG
1457357675,MONIKA T MALESINSKA
1730253956,MONIQUE D JONES
1679566095,MORRIS TRAUBE
1033406400,MOSHE M COHN
1578537304,MUKUND R PATEL
1902997695,MUNRO JOSEPH LEVITZKY
1245266097,MURRAY ORBUCH
1740336510,MUTHIAH SUKUMARAN
1326298688,MYINT M AYE
1669485413,MYRNA I CARDIEL
1497063093,NAAMIT K GERBER
1770753170,NABIL N DAGHER
1508837840,NACHUM LEVIN
1225095292,NADA G ABOU-FAYSSAL
1013146307,NADA M ELBULUK
1730140138,NADER A PAKSIMA
1356367676,NADER MOAZAMI
1255309761,NADEZHDA SHAGUMOVA
1962693937,NADIA N AMIN
1124198833,NAGASHREE SEETHARAMU
1316948680,NAGI J BUSTROS
1144208794,NANCY C LAU
1740449917,NANCY E AMOROSO
1851590772,NANCY E CONROY
1619991114,NAN-HSIEN KUO
1396733531,NANWAI A PAK
1104810514,NAOMI B BISHOP
1407893647,NAOMI S DONNELLEY
1518278563,NAOMI YACHELEVICH
1952309825,NARESH C RAO
1962403691,NASIR M GONDAL
1679662811,NATALIA A MEIMARIS
1033183181,NATALIE E AZAR
1841510757,NATASHA SHAPIRO
1912965435,NATHANAEL S HORNE
1437475696,NATHANIEL R SMILOWITZ
1952622987,NATHAN L MCGINNIS
1124229810,NATHAN M RADCLIFFE
1427111418,NATHAN THOMPSON
1144300310,NAVNEET NARULA
1942276696,NEAL A LEWIN
1568606218,NEAL JOSEPH
1831183664,NEAL S CAYNE
1235457474,NEEL K NAIK
1184814048,NEELOFAR GHAZNAWI
1871762211,NEIL A PASCO
1972599280,NEIL E BERNSTEIN
1932212651,NEIL M SPERLING
1255326294,NELLIE I KALCHEVA
1003817875,NELLY K HUPPERT
1225061518,NELSON G BOTWINICK
1932498490,NESOCHI IGBOKWE
1699771287,NIANZU GUO
1366431306,NICHOLAS A SOTER
1073519740,NICHOLAS G CARRAS
1902807779,NICHOLAS J SANFILIPPO
1962702274,NICHOLAS P GAVIN
1427496595,NICOLE B SWEENEY
1356575724,NICOLE E HARKIN
1043374986,NICOLE E KULISEK
1285925768,NICOLE GERBER
1538359393,NICOLE LANATRA
1184664336,NICOLE L NOYES
1841516069,NICOLE M ALI
1437441003,NICOLE M SEMINARA
1700208915,NIDHI AGRAWAL
1609073386,NIDHI R NARAYAN
1215953849,NIKHIL P UPPAL
1114286754,NIKITA R LAKDAWALA
1467452797,NIKOLAOS I PAPAMITSAKIS
1760597785,NILESH D PATEL
1275514317,NILOUFAR GIDFAR
1568484061,NIMISH S DHARIA
1831147545,NINA BHAMBHANI
1902033137,NINA BLACHMAN
1982862298,NINA K SUNDARAM
1417943820,NIRMAL C TEJWANI
1356343065,NISAR A QURAISHI
1841510492,NISHANT K VAIDY
1902926157,NISHAY CHITKARA
1942596630,NISIDA BERBERI
1932383262,NOAMI A CHAUDHARY
1982645206,NOLAN S KARP
1922084441,NOOSHIN K BRINSTER
1558655696,NOOSHIN L HOSSEINI
1851387153,NORMA M KELLER
1356335525,NORMAN C CHARLES
1184668220,NORMAN I KLEIN
1114051356,NORMAN SUSSMAN
1306848080,OBUNIKE O EDOKWE
1437143278,OJAS D SHAH
1740568039,OKSANA DAVYDOV
1821063041,OLENA KSOVRELI
1982666004,OLGA LEONARDI
1386878577,OLGA PETRYNA
1437283900,OLGA ZHDANOVA
1750387262,OLIVER PACIFICO
1902882327,OLIVIER B FRANKENBERGER
1588935548,OLUBUNMI A ADEOYE
1194719492,OLUBUNNI O AFONJA
1821082058,OMAR E BURSCHTIN
1649502287,OMID Z JAVDAN
1598082331,OMRI B AYALON
1679581623,ORRIN DEVINSKY
1609834753,ORRIN H SHERMAN
1770670945,OSCAR R QUEZADA
1619961869,OSVALDO J HERNANDEZ
1609949213,OSVALDO R TRIGO
1033264031,OTIS A BARRON
1578551834,OWEN P KIERAN
1497296347,PABLO CASTANEDA
1720181860,PAMELA C ROEHM
1669682068,PAMELA MAHMUD
1164748828,PAMELA S BROWNSTEIN
1508925991,PARESH C SHAH
1457584708,PARITA SAHANI
1194970335,PARUL JAJOO
1205824455,PATRICE A THORNTON
1144209636,PATRICIA A HELLER
1467789107,PATRICIA C DUGAN
1245443845,PATRICIA POITEVIEN
1306036322,PATRICIA R AYOUNG-CHEE
1174517908,PATRICK J LAMPARELLO
1558669812,PATRICK M KWON
1760669139,PATRICK V SAITTA
1942203583,PATRICK W THOMAS
1154335701,PAULA A MARCHETTA
1245294727,PAULA J PREZIOSO
1497749014,PAUL A TUNICK
1447255757,PAUL C DUMITRESCU
1366417677,PAUL C GAZZARA
1780785303,PAUL E HAMMERSCHLAG
1184937914,PAUL E KWAK
1003873902,PAUL E NACIER
1265686075,PAUL E OBERSTEIN
1538251293,PAUL G BASCH
1649480393,PAUL K KIM
1861463754,PAUL KUPERSCHMID
1629120886,PAUL L GLASSMAN
1114941424,PAUL M BELSKY
1164534202,PAUL M BRISSON
1265474431,PAULO A PACHECO
1619931201,PAUL P HUANG
1619971454,PAUL S NEEDELMAN
1235135989,PAVANAJA A REDDY
1912140781,PAYAL PATEL
1811942709,PEDRO CANALS-FERRAT
1174729396,PEDRO J RIVERA
1154555787,PEGGYROSE B ELANGO
1922066539,PEGGY YIH
1740209188,PERRIN A PLENINGER
1336140581,PERRY C COOK
1750525341,PETER A SAITTA
1548522964,PETER A STELLA
1578759627,PETER C FANTI
1235136128,PETER C WONG
1336216530,PETER H KUDLER
1417949389,PETER J BERNARD
1134113426,PETER R LANGAN
1831183656,PETER SHAMAMIAN
1235157017,PETER S KIM
1306934021,PETRA M LUKOSCHEK
1942246939,PETROS V EFTHIMIOU
1790781011,PHILIP C DEVINE
1992757876,PHILIP J KAHN
1831285758,PHILIP J MILLER
1629157813,PHILIP J WEINTRAUB
1194724591,PHILIP ORBUCH
1740414119,PHILIPP LEUCHT
1821180399,PHILIP R TOTONELLY
1144555475,PHILIP T ZHAO
1942377270,PHUONG M NGHI
1629068671,PHYLLIS M KWOK
1790923944,PIETER J SMIT
1336383637,PING GU
1730352352,PING LIEN
1184942773,PIYAPA PRADITPAN
1861581217,POUNEH FALLAHI
1700870086,PRADEEP N MALLY
1982801874,PRADEEP PENTA
1285845370,PRAMOD K SANGHI
1790854735,PRASHANT SINHA
1043204217,PRATIBHA S SHUKLA
1174724231,PRENEET C BRAR
1477874782,PRIN X AMORAPANTH
1275711723,PUNEET BHATLA
1093978231,PURNAHAMSI V DESAI
1881962025,QIAN C CHEN
1922004522,QI-HUA M ZENG
1578633533,QIKAI YAO
1376773978,QINGHU REN
1609026202,RABIH A NEMR
1801092135,RACHANA KOTECHA
1689643892,RACHEL A FRANK
1326281478,RACHEL E VENTURA
1992931307,RACHEL L BARR
1902867393,RACHEL O BLUEBOND-LANGNER
1679601058,RACHEL VILLANUEVA
1093959835,RACHITA SETHI REDDY
1174815740,RADU S POSTELNICU
1659318103,RAGHAD H SAID
1215117783,RAHUL U HATE
1295889038,RAJEEV K BABBAR
1215945845,RAJEEV L BALMIKI
1255325957,RAJEEV S MOTIWALA
1730187196,RAJIV V KINKHABWALA
1972948701,RAJ P MACHHAR
1770589731,RAJU M MANTENA
1972557536,RAMA M KILARU
1932106739,RAMANJIT S BAGGA
1588661680,RAMAN K BHASIN
1831153758,RAMESH H GIDUMAL
1174529440,RAMESH KODAVATIGANTI
1063509768,RAMESH P BABU
1174819353,RAMSEY H JOUDEH
1891957742,RANA BIARY
1104059773,RANDIE H KIM
1538215173,RANTIK PATEL
1053302117,RANY CONDOS
1265444087,RAOUL TIBES
1518184449,RAPHAEL T DAVID
1871553115,RASIK V SHAH
1609888403,RAYMONDA RASTEGAR
1003825456,RAYMOND B WALSH
1487659975,RAYMOND L YUNG
1114923372,RAYMOND M PESSO
1598908170,REBECCA G PODOLSKY
1578881264,REBECCA L BURTON
1871710764,REBECCA M GILBERT
1497922686,REBEKAH G GROSS
1629286505,REEMA R BATRA
1427218775,REENAL RAJIT PATEL
1629019476,REGINA W JANICIK
1538168935,RENA S BRAND
1831286483,RENAT R SUKHOV
1629020151,RENE S ENG
1902067044,RERN T LAU
1902072614,RESHMA B PATEL
1386834141,REUBEN J STRAYER
1215933270,REUBEN ROLNICK
1861456196,REX H WU
1740256098,RHONDA G ACHOLONU
1164456448,RHONDA J POMERANTZ
1144435033,RICARDO ESQUITIN
1740470459,RICARDO J BENENSTEIN
1699771519,RICHANG XIA
1285653832,RICHARD A LEBOWITZ
1912068792,RICHARD A OBERFIELD
1043219900,RICHARD D LISMAN
1578557088,RICHARD F COHEN
1811977762,RICHARD I ANDRON
1275631194,RICHARD IORIO
1144226978,RICHARD J GRIECO
1043216310,RICHARD J KRAUSS
1760406763,RICHARD J MACKOOL
1407964505,RICHARD J SHEPARD
1003918905,RICHARD K MARK
1588726210,RICHARD L KING
1316018153,RICHARD L NASS
1104827716,RICHARD L SHAPIRO
1700229283,RICHARD L TORBECK
1245378520,RICHARD N PALU
1538383930,RICHARD PERRY
1194722777,RICHARD P GOLDMANN
1497756183,RICHARD S BERRY
1124024807,RICHARD S FINN
1548267602,RICHARD SIEGENFELD
1851372106,RICHARD S PINTO
1104853308,RICHARD S STARK
1124025226,RICHARD S WORONOFF
1710939020,RICHARD W DESMOND
1568491967,RICKY K HSU
1063672095,RISA A ALPERIN
1588875819,RISHI R PATEL
1922232339,RITESH RAMDHANI
1477763977,RITU SAINI
1912015231,ROBERT A DAMICO
1104805936,ROBERT A KELTER
1467404137,ROBERT A MONTGOMERY
1922086354,ROBERT A VACCARINO
1437151016,ROBERT A ZALOOM
1528039294,ROBERT B LANTER
1407865538,ROBERT C CYKIERT
1144227224,ROBERT C IMPASTATO
1306821004,ROBERT DEPORTO
1558360172,ROBERT D PFEFFER
1336105436,ROBERT E BERG
1023013570,ROBERT E TEPPER
1578569349,ROBERT F LAPORTA
1841252103,ROBERT F SHALHOUB
1568486819,ROBERT F WARD
1982683041,ROBERT G FAFALAK
1447341185,ROBERT H SCHULMAN
1033249800,ROBERT H WILSON
1255353983,ROBERT J ALLEN
1245272483,ROBERT J CERFOLIO
1912299769,ROBERT J FAKHERI
1619943453,ROBERT J GIUSTI
1225024631,ROBERT J MEISLIN
1184683633,ROBERT KAYLAKOV
1942279054,ROBERT L DAVIS
1124012414,ROBERT L MICHAELS
1962516237,ROBERT L PINCUS
1932193323,ROBERT M APPLEBAUM
1730114463,ROBERT MATALON
1518080985,ROBERT M DONNINO
1932105871,ROBERT M HERENSTEIN
1689746257,ROBERT M LERCH
1124100318,ROBERT MURAYAMA-GREENBAUM
1215920970,ROBERTO A GARCIA
1528222890,ROBERTO L FLORES
1336125137,ROBERT R SEGAL
1841380474,ROBERT S BESS
1144320698,ROBERT S GOLDSTEIN
1366449217,ROBERT S READER
1932314929,ROBERT T ANOLIK
1134125826,ROBERT VITIELLO
1265636997,ROBERT W CHARLSON
1174558639,ROBERT W KLEIN
1518037647,ROBIN E SMITH
1891894655,ROBIN L LIPSCHITZ
1821151747,ROBIN M BORKOWSKY
1265429450,ROBIN P HOLLANDER-BOBO
1386638013,ROBIN S FREEDBERG
1477534196,ROBIN S JACOBSON
1497760888,ROBYN J WOLINTZ
1982679692,ROCHELLE BRAUN
1831164516,RODOLFO MIRANDA
1629411954,ROGELIO M CRUZ
1881790087,ROGER E WETHERBEE
1518195171,ROGER S HO
1902800741,ROGER S LAO
1144277211,ROLANDO C SOUSA
1316027808,ROMAN PEREZ-SOLER
1528169802,RONALD A HOFFMAN
1962567859,RONALD A RUDEN
1831134865,RONALD D DAGOSTINO
1588660328,RONALD J LESSEN
1881682425,RONALD M GOLDENBERG
1336165216,RONALD M KRINICK
1548262389,RONALDO C GONZALEZ
1174529812,RONALD O ROVETO
1932102753,RONALD S ADLER
1598858748,RONALD S KRANTZ
1396069290,RONALD W GALBRAITH
1366418659,RONIT WOLLSTEIN
1477545812,RONNIE A HERSHMAN
1134356561,ROSANA A KLEIMAN
1134125487,ROSEMUND M ACQUAH
1609869023,ROSHINI C RAJAPAKSA
1437155116,ROSS H TAFF
1639519523,ROTIMI R AYOOLA
1598794760,ROXANA M VARTOLOMEI
1659304509,ROXANA SULICA
1548271604,ROYA FATHOLLAHI
1730172685,ROY G GERONEMUS
1619952801,ROY I DAVIDOVITCH
1104977453,ROY M NUZZO
1225094725,ROY S SEIDENBERG
1487659777,RUDY NEPTUNE
1922007665,RULIANG XU
1750335626,RULON J WAITE
1386887198,RUPA K SHARMA
1275539207,RUSLAN ISRAEL
1710988506,RUSSELL S BERMAN
1528065562,RUTHANN PERILLO
1740344969,RUTH A TESSLER
1275625592,RUTH ORATZ
1346500741,RYAN T GUALTIER
1689917908,SAACHI SACHDEV
1992701841,SAAD MARGHOOB
1740512680,SABATINO A IENOPOLI
1386891638,SABINA BRAUDE
1710146741,SAFA M KALACHE
1194042895,SAIT ASHINA
1497955603,SAJI ABRAHAM
1043264047,SALIL GUPTA
1811121080,SALIL K BHANDARI
1952549800,SALIM BAGHDADI
1689740193,SALLY H KWA
1952460479,SALMAN AZHAR
1114189727,SALVADOR E PORTUGAL
1588806269,SALVATORE G CAVALERI
1265502553,SALVATORE PRESTI
1235292194,SAMAAN RAFEQ
1124045802,SAMANTHA M DUNHAM
1013053461,SAMEET A PALKHIWALA
1386638187,SAMIR S TANEJA
1235183005,SAM S WU
1962574418,SAMUEL B AKUOKU
1598761819,SAMUEL D GRUBMAN
1073519799,SAMUEL FENNER
1801839501,SAMUEL K CHO
1821098666,SAMY S IBRAHIM
1942293675,SANDRA DEMARIA
1598766776,SANDRA L FOREM
1356313258,SANDRA S TOMITA
1891788808,SANDRA T FOO
1124094776,SANFORD P TEMES
1508833872,SANG S KAN
1710932884,SANJEEV V KOTHARE
1699970442,SANJIT R KONDA
1073519005,SANJOY JOSHI
1790722429,SANTIAGO M ENRIQUEZ
1932188968,SANTO V CHIARELLO
1487866406,SAPNA A MEHTA
1760449060,SARA B KRAMER
1306979067,SARA G BRUBAKER
1164733523,SARAH E HOCHMAN
1699974469,SARAH M BATTISTICH
1902008741,SARAH TAIMUR
1275760365,SARAH W MACARTHUR
1467629097,SARA J GOULD
1447204185,SARA L TARSIS
1356348304,SARA Y SIDDIQUI
1528253051,SARI D EDELMAN
1740430529,SARI H JACOBY
1598993487,SASHA C GAGLANI
1033133343,SATHEESH JOSEPH
1669540761,SATISH DHALLA
1467458174,SAUL N DILSON
1841490745,SAUNI P PERERA
1972781631,SCOTT A BERNSTEIN
1568468254,SCOTT A KESCHNER
1871517144,SCOTT A WEBER
1669585394,SCOTT D GOLD
1851514434,SCOTT E HIRSCH
1942389143,SCOTT E MARWIN
1417219585,SCOTT J SCHAFLER
1891803037,SCOTT M ANDES
1841413077,SCOTT M RICKERT
1811985518,SCOTT W SMILEN
1407909690,SEAN E DRAZNER
1609923739,SEAN L THOMPSON
1003065715,SEAN M BAILEY
1568488427,SEAN M FARQUHARSON
1578578076,SEAN O MCMENOMEY
1316106776,SEAN P HEFFRON
1538338157,SEBASTIAN G KURZ
1598842098,SEKULEO GATHERS
1407002272,SEPIDEH MEHRI
1760487052,SESHADRI MUDUMBAI
1154304111,SETH A GROSS
1922249135,SETH D COHEN
1548356058,SETH D GORDON
1477787687,SETH E KAPLAN
1497744536,SETH J ORLOW
1881890119,SETH M LIEBERMAN
1255337424,SEYMOUR KATZ
1962581462,SHA-BARBARA E MCDANIEL
1831159177,SHAILINI SINGH
1174724827,SHALINE RAO
1487640439,SHANE A MEEHAN
1932423910,SHANNON S CHANG
1528264397,SHAOFENSHERRY HUANG
1215221064,SHARI B BROSNAHAN
1144315466,SHARI I LUSSKIN
1457650665,SHARIQUE M NAZIR
1932173812,SHARON COTE
1023089976,SHARON E OBERFIELD
1750379459,SHARON L GARDNER
1932366796,SHAZIYA G SHAIKH
1144266966,SHEEL SHARMA
1881864312,SHEETAL DESAI-OGHRA
1538272273,SHEILA A APICELLA
1144425901,SHEILA N BLUMBERG
1033115282,SHELDON B NEWMAN
1467453662,SHELDON V GOLDSTEIN
1427041292,SHENGPING ZOU
1285627844,SHERIF E IBRAHIM
1770694325,SHILPA P SINGH
1306901350,SHILPI S MEHTA-LEE
1740237759,SHIRA J GERTZ
1972509131,SHITAL PASRICHA
1609104314,SHREE CHANCHANI
1356631279,SHWETA CHAUDHARY
1487914891,SHYAM AMIN
1093954802,SIDHARTH S YADAV
1366447666,SIDNEY VEITCH
1437151438,SIE H KIM
1912199563,SIGRID B TRISTAN
1568463339,SILVIA C FORMENTI
1508890740,SIMA MUSTER
1962713347,SIMI K GUPTA
1760709265,SINGWU D LAW
1982751103,SMITA BISWAS
1750330809,SOFIYA PRILIK
1427012731,SOHEE BIDOL-LEE
1134380090,SOMA PATHAK
1992875355,SONAL CHAUDHRY
1013214535,SONGCHUAN GUO
1003073636,SONJA BLUM
1124221882,SONJA K OLSEN
1922274869,SONYA DHAR
1871531483,SONYA J HWANG
1487813994,SOPHIE M BALZORA
1962700872,SORANA VRABIE-WOLF
1407820806,SOUMYA M REDDY
1629064159,SPIROS G FRANGOS
1235123027,SPIROS P HIOTIS
1902066871,SRIPAL B VASANTHKUMAR
1366754509,SRIVANDANA AKSHINTALA
1407807936,STACEY A CACCIOLA
1134389992,STACEY E TRZCINSKI
1326245275,STACY L LOEB
1366549701,STANLEY A SHANIES
1376612242,STANLEY S SCHREM
1962504936,STEFAN BALAN
1508827502,STELIOS VIENNAS
1508846171,STELLA C LYMBERIS
1235174145,STELLA GORDIN
1134325053,STEPHANIE A STERLING
1699816413,STEPHANIE B REIN
1417211004,STEPHANIE R WILKINS
1972616662,STEPHANIE T LAU
1043211626,STEPHANIE V BLANK
1154395671,STEPHEN A SMILES
1144328261,STEPHEN B RICHARDSON
1740290105,STEPHEN D SIEGEL
1922062819,STEPHEN G ROTHSTEIN
1083653372,STEPHEN HONIG
1518096825,STEPHEN J BENNETT
1215017736,STEPHEN J BERNSTEIN
1427056159,STEPHEN J JOHNSON
1104847557,STEPHEN J KAISER
1689782229,STEPHEN J MARRA
1639498959,STEPHEN L RISO
1609855394,STEPHEN M DILLON
1043241276,STEPHEN M LICHTER
1952581779,STEPHEN PAN
1750305041,STEPHEN P WAXMAN
1871683656,STEPHEN S SCHUSTER
1205905981,STEVEN A ORDORICA
1679622419,STEVEN A STUCHIN
1295718732,STEVEN A WINTER
1215152046,STEVEN CALVINO
1730400821,STEVEN DIAMOND
1427497494,STEVEN D SHENG
1164429940,STEVEN G WISHNER
1912907817,STEVEN J BERNSTEIN
1477559193,STEVEN J FRATELLO
1336157130,STEVEN J FRUCHT
1609866987,STEVEN J NATOW
1336168764,STEVEN J SCHNEIDER
1679573448,STEVEN J WEINTRAUB
1992856702,STEVEN LAMM
1033115860,STEVEN L HERLING
1275576365,STEVEN M GREEN
1275525446,STEVEN M KOBREN
1740383728,STEVEN M SCHNIPPER
1740254168,STEVEN P HODAK
1568468262,STEVEN P STEIN
1942264577,STEVEN R HOFSTETTER
1003815960,STEVEN TEPLITZ
1124136684,STEVEN V PACIA
1578532073,STEVEN W SALVATI
1245294289,STEVEN Z BRANDEIS
1467507459,STEVEN Z GLICKEL
1710974688,STUART A DICKERMAN
1306834478,STUART D KATZ
1023158268,STUART D LEWIS
1053307561,STUART E HISLER
1528068103,STUART H DITCHEK
1902827330,STUART J ELKOWITZ
1750347654,STUART J HERSHON
1477559185,STUART M BEHRENS
1841392826,STUART M GARAY
1770563538,STUART OKIN
1487653051,STYLIANOS P PAPADAKOS
1386686855,SUBHASH C INAMDAR
1396783999,SUDHESH K SRIVASTAVA
1134227739,SUJA JOHNKUTTY
1174783633,SUJAN PATEL
1578730966,SUJATA B CHAKRAVARTI
1043549108,SUJATA P THAWANI
1033107644,SULACHNI CHANDWANI
1487643516,SUMAYAH JAMAL
1619973450,SUMEET S KALRA
1720048259,SUN-HOO FOO
1174889877,SUNIL SAHARAN
1215293188,SUPARNA A SARKAR
1639464142,SURINDER P SINGH
1821013442,SURYANARAYAN ANAND
1568612703,SUSANA GONZALEZ
1053335356,SUSAN B ZWEIG
1902866627,SUSAN E KATZ
1558397505,SUSAN G MARGOLIS
1568511079,SUSAN I ROSEN
1841279403,SUSAN KORNACKI
1851316244,SUSAN LEVIT
1861653578,SUSAN MARSHALL
1073519302,SUSAN M GORDON
1396731246,SUSAN M POLIZZI
1043262686,SUSAN M STENSON
1104050129,SUSANNA G SILVERMAN
1760417471,SUSIE CHUNG
1679529911,SUSMITA JASTY
1932140399,SUZANNE A MAGHERINI-ROTHE
1982702288,SUZANNE E LAJOIE
1912081050,SUZANNE I PASTORE
1629087507,SUZETTE A GAROFANO
1174820302,SVETLANA A ZAKHARCHENKO
1851490783,SVETLANA KRASNOKUTSKY
1912993221,SYDNEY J MEHL
1487967527,SYED T HODA
1881767903,SYLVIA ADAMS
1962446435,SYNGIL S YANG
1609876432,TAIFA M PRICE
1083610877,TAI S KIM
1235312331,TAJINDERPAL S SARAON
1518957604,TAMARA L WEXLER
1730185653,TAMMY H CHUNG
1336329630,TAMMY L LEOPOLD
1346324563,TARA M RANDIS
1053432310,TARANEH SHIRAZIAN
1649253287,TARIQ JAMIL
1770720211,TARUNJIT SINGH
1457374704,TATIANA P KHROM
1619111473,TAYLOR M DEFELICE
1457539900,TEENA BHATLA
1255328183,TERESA H CHEON
1982921730,TERRI-ANN M BENNETT
1790767242,TERRY F SELTZER
1174519607,THADDEUS W MULLY
1770515108,THAO L NGO
1245407659,THEMISTOCLES S PROTOPSALTIS
1164401030,THEODOROS RAPTIS
1578564407,THERESA N TRAN
1598766503,THERESA RYAN
1043268261,THOMAS A EINHORN
1700883667,THOMAS E SPEARS
1548224967,THOMAS HAMILTON GOUGE
1477547206,THOMAS H MALDONADO
1366455693,THOMAS J ERRICO
1558358481,THOMAS M DIFLO
1982602413,THOMAS MEOLA
1033103759,THOMAS M WISNIEWSKI
1144409269,THOMAS N BUSTROS
1053317370,THOMAS R EIDE
1174517999,THOMAS S RILES
1134116445,THOMAS YOUM
1558362137,TIBOR MOSKOVITS
1861455412,TIEN H NGUYEN
1255566972,TIFFANY COHEN
1811908205,TIMOTHY G JAYASUNDERA
1598762171,TIMOTHY J DOWD
1932342557,TIMOTHY M GREENE
1356667117,TINA WU
1710211784,TING ZHOU
1134370679,TODD M MCNIFF
1215943121,TODD R COVEN
1912909490,TODD R SCHLIFSTEIN
1467747543,TONATIUH RIOS-ALBA
1215923636,TONI M MCLAURIN
1891929584,TRACEY L AGNESE
1487811121,TRENTON R COLLIER
1306932017,TZEJUNG SU
1467766584,UCHENNA O UMEH
1518197490,UGUR OZERDEM
1144510637,VAIDEHI S DEDANIA
1225279938,VAISHALI S SONDHI
1487944989,VALENTINA RODRIGUEZ
1750548269,VALERIE ANTOINE-GUSTAVE
1730103011,VALERIE H PECK
1447368568,VALERIE J ZARCONE
1073509204,VALERIE K LYON
1063654994,VALERIE M ORAM
1609132893,VALERIYA LEVITAN
1891797833,VALERY F LANYI
1841218039,VALERY J KUZNETSOV
1245564079,VASISHTA S TATAPUDI
1326063058,VASUDEVA M KAMATH
1053668962,VERONICA ROJAS
1740295526,VERONICA T LERNER
1952559965,VERONIKA V DUBROVSKAYA
1447465596,VERSHA R TAPARIA
1932198983,VICKI J LEVINE
1841433505,VICKY A PRATER
1073879094,VICTORIA ONBREYT
1912107681,VICTORIA RIESE
1013995836,VICTORIA W ZHANG
1831233980,VICTOR J DOUEK
1306811351,VICTOR S NAVARRO
1003800806,VICTOR W NITTI
1396953295,VIDA T VIDA
1336186758,VIDYA VALADA
1194802397,VIJAY J MANI
1578763025,VIKASH S OZA
1619130721,VIKRAMJIT MUKHERJEE
1740568153,VIKRAM SENGUPTA
1184868259,VINCCI NGAN
1215961305,VINCENT M ESPOSITO
1548276538,VINCENT N JARVIS
1700985199,VINH P PHAM
1235104282,VIOLA ORTIZ
1326011438,VIOLETA B POPOV
1053622365,VIRAJ S LAKDAWALA
1457351975,VIRGIL A HATCHER
1073781506,VIVIAN C TSAI
1538343595,VLADIMIR FRIDMAN
1508044298,VLADIMIR H SALOMON
1073516142,VLADIMIR K GOTLIEB
1659333193,VLADIMIR PRIVMAN
1316103963,VLADIMIR TRESS
1275535270,WALTER E KOCH
1053392514,WANG Y MAK
1285895490,WARREN K YOUNG
1871622985,WAYNE L STOKES
1417125352,WEI A LIU
1215921416,WEI S SUN
1588633135,WEI Y SUN
1225191273,WENDY A BERKOWITZ
1598895963,WENDY J WISE
1629054754,WENDY W LOU
1568610954,WENQING CAO
1164534301,WERNER K DOYLE
1154347888,WILLIAM B MACAULAY
1568650919,WILLIAM B WEISS
1235274101,WILLIAM C HUANG
1639151038,WILLIAM E SCHWEIZER
1770555088,WILLIAM F MANDELL
1205820701,WILLIAM J COLE
1063411502,WILLIAM J TENET
1326084757,WILLIAM L BLAU
1710971999,WILLIAM L CARROLL
1215033626,WILLIAM L JAFFE
1508960162,WILLIAM L KING
1659574101,WILLIAM M WHITE
1023058971,WILLIAM N SCOTT
1811969090,WILLIAM P KLEIN
1376531087,WILLIAM R SLATER
1972864494,WILLIAM S MCCLELLAND
1457403032,WILLIAM SUNSHINE
1497708168,WILLIAM T LONG
1770560096,WILSON KO
1578723979,WILSON YOUNG
1497837090,WINGTAT T MUI
1629186721,WISSAM N HOYEK
1790181030,XIANGNA TANG
1497958896,XIAOJUN WU
1730136607,XIAO-KE GAO
1538165543,XIAOLING DING
1043323652,XIMENA A MATAMALA
1609050582,XUEMEI QU
1871889238,XUEYING LIU
1215199245,YADIERA M BROWN
1861601197,YAIR Y KEILSON
1528055456,YANG S KIM
1528092707,YANINA Y BELOTSERKOVSKAYA
1427232420,YASAMAN ZARRABI
1184933608,YASHA S MODI
1184602807,YASIR M ALQAQAA
1912164419,YASMIN METZ
1558452730,YECHIEL Y ZAGELBAUM
1326022666,YELENA KARASINA
1710988738,YELENA NOVIK
1407083769,YELENA TSYBA
1376634915,YEVGENIYA KAYKOVA
1770761835,YEVGENIY KANTOR
1033268487,YINGCHIH HSU
1629416664,YONGPENG GU
1780772947,YONG S LIN
1023251014,YOON-SOO C BAE
1841296969,YORAM R YOSSEFY
1457445512,YOUNG H KIM
1558357921,YOUNG W KWON
1114192119,YUKA YAMAGUCHI
1881005395,YUNSEOK NAMN
1902066855,YVELISSE N SUAREZ
1629203351,ZACHARY KON
1710245824,ZACHARY RICHARDSON
1710986039,ZAHRA MARINA
1316191760,ZARINA PINO
1396875944,ZIVI Z HAHAMI
1689662132,ZUJUN LI
1639315294,ZULEIKA LADHA
