1023010212,Chinedu E Abara
1144298613,George G Abdelsayed
1376565358,Elie M Abemayor
1225095292,Nada G Abou-Fayssal
1144464421,Mohamad H Abouzeid
1497955603,Saji Abraham
1467487801,Inna Abramova
1366517278,Janet Abrams
1740256098,Rhonda G Acholonu
1053335810,John J Ackert
1134125487,Rosemund M Acquah
1225270879,Domenick A Acquista
1811099625,Francis V Adams
1881767903,Sylvia Adams
1356314017,Doreen J Addrizzo-Harris
1952395642,Mark A Adelman
1588935548,Olubunmi A Adeoye
1609898469,Lawrence A Adler
1740577659,Esther Hannah Adler
1932102753,Ronald S Adler