Name,Education,Address
Fawaz S Alammary,UCLA,501 Santa Monica Blvd
Marybeth U Allian-Sauer,UCR,502 Santa Monica Blvd
Samer A Alyaseen,UCLA,503 Santa Monica Blvd
Howard Amiel,UCR,504 Santa Monica Blvd
Susan L Blakley,UCSB,505 Santa Monica Blvd
Mary C Bledsoe,UCLA,506 Santa Monica Blvd
Yolanda E Bogaert,UCLA,507 Santa Monica Blvd
Sam H Anouna,UCR,508 Santa Monica Blvd
Richard J Apke,UCLA,509 Santa Monica Blvd
Augustin R Attwell,UCLA,510 Santa Monica Blvd
Sandhya C Ayyar,UCR,511 Santa Monica Blvd
Michael C Bagley,UCLA,512 Santa Monica Blvd
Cheryl M Baker,UCR,513 Santa Monica Blvd
Ankush K Bansal,UCLA,514 Santa Monica Blvd
Jehad Barakat,UCR,515 Santa Monica Blvd
Michael E Bennett,UCLA,516 Santa Monica Blvd
Elizabeth R Benyi,UCR,517 Santa Monica Blvd
Michael K Bergen,UCLA,518 Santa Monica Blvd
Lovie D Bey,UCLA,519 Santa Monica Blvd
Srividya V Bhandaram,UCR,520 Santa Monica Blvd
Sapna N Bhatia,UCLA,521 Santa Monica Blvd
Bahri M Bilir,UCR,522 Santa Monica Blvd
,,
,,
,,
,,
,,
,,
,,